hex_id,hs22
1,50
1,292
1,148
1,266
1,117
1,18
1,244
1,31
1,90
1,13
1,920
1,82
1,4
1,35
1,102
1,124
1,140
1,106
1,9
1,87
1,136
1,280
1,25
1,34
1,689
1,296
1,20
1,208
1,100
1,243
1,53
1,16
1,30
1,442
1,8
1,320
1,115
1,2
1,20
1,696
1,32
1,20
1,238
1,106
1,272
1,34
1,165
1,68
1,65
1,10
1,106
1,32
1,188
1,256
1,571
1,100
1,15
1,628
1,9
1,69
1,7
1,84
1,134
1,120
1,128
1,53
1,165
1,234
1,267
1,163
1,14
1,11
1,43
1,53
1,23
1,12
1,116
1,26
1,234
1,10
1,425
1,88
1,124
1,30
1,61
1,202
1,82
1,18
1,104
1,122
1,12
1,45
1,129
1,311
1,83
1,613
1,34
1,132
1,69
1,24
1,9
1,62
1,77
1,47
1,9
1,32
1,275
1,56
1,97
1,24
1,173
1,77
1,165
1,84
1,262
1,39
1,40
1,136
1,275
1,67
1,491
1,21
1,146
1,96
1,65
1,3
1,12
1,39
1,12
1,272
1,86
1,6
1,115
1,36
1,63
1,297
1,10
1,954
1,56
1,172
1,91
1,96
1,326
1,254
1,47
1,18
1,6
1,98
1,16
1,58
1,61
1,16
1,265
1,165
1,14
1,1
1,975
1,38
1,92
1,2
1,45
1,96
1,124
1,52
1,68
1,92
1,348
1,47
1,160
1,12
1,2
1,77
1,136
1,122
1,44
1,132
1,16
1,321
1,42
1,280
1,80
1,109
1,115
1,4
1,128
1,6
1,40
1,141
1,237
1,167
1,41
1,25
1,1
1,88
1,182
1,4
1,2
1,23
1,344
1,15
1,59
1,56
1,16
1,29
1,32
1,17
1,660
1,343
1,108
1,107
1,43
1,140
1,124
1,20
1,113
1,349
1,11
1,59
1,14
1,114
1,144
1,677
1,32
1,196
1,30
1,102
1,6
1,228
1,136
1,63
1,141
1,53
1,211
1,106
1,3
1,35
1,44
1,259
1,8
1,638
1,161
1,602
1,400
1,17
1,40
1,44
1,85
1,48
1,12
1,12
1,32
1,351
1,339
1,47
1,14
1,74
1,40
1,53
1,26
1,8
1,99
1,26
1,4
1,184
1,28
1,162
1,197
1,27
1,704
1,43
1,247
1,109
1,17
1,158
1,265
1,3
1,114
1,42
1,233
1,74
1,114
1,203
1,231
1,209
1,94
1,7
1,127
1,77
1,15
1,319
1,17
1,128
1,5
1,8
1,210
1,98
1,5
1,2
1,7
1,133
1,51
1,102
1,59
1,45
1,2
1,141
1,687
1,6
1,46
1,243
1,62
1,74
1,46
1,35
1,4
1,89
1,160
1,229
1,754
1,77
1,25
1,82
1,20
1,36
1,17
1,148
1,68
1,54
1,343
1,205
1,54
1,120
1,91
1,98
1,19
1,21
1,17
1,449
1,18
1,23
1,62
1,24
1,368
1,200
1,434
1,79
1,169
1,68
1,165
1,29
1,104
1,37
1,84
1,2
1,58
1,290
1,28
1,9
1,243
1,133
1,11
1,6
1,14
1,164
1,4
1,100
1,75
1,13
1,78
1,126
1,265
1,20
1,117
1,110
1,13
1,225
1,9
1,109
1,64
1,89
1,110
1,44
1,74
1,7
1,3
1,23
1,44
1,118
1,24
1,20
1,408
1,68
1,142
1,181
1,11
1,22
1,350
1,11
1,19
1,32
1,126
1,75
1,352
1,282
1,63
1,31
1,84
1,72
1,94
1,22
1,59
1,1
1,347
1,70
1,147
1,70
1,55
1,42
1,7
1,115
1,24
1,1
1,216
1,108
1,16
1,42
1,191
1,126
1,52
1,164
1,123
1,28
1,99
1,74
1,31
1,56
1,35
1,42
1,43
1,177
1,27
1,46
1,3
1,230
1,120
1,77
1,14
1,78
1,59
1,367
1,4
1,250
1,146
1,57
1,7
1,40
1,346
1,4
1,3
1,55
1,36
1,80
1,97
1,157
1,9
1,246
1,178
1,78
1,50
1,21
1,20
1,156
1,120
1,52
1,22
1,170
1,215
1,132
1,20
1,116
1,151
1,21
1,45
1,392
1,64
1,142
1,32
1,35
1,337
1,484
1,119
1,9
1,9
1,39
1,1
1,5
1,3
1,207
1,79
1,12
1,136
1,78
1,168
1,178
1,93
1,22
1,65
1,291
1,75
1,133
1,170
1,71
1,125
1,73
1,311
1,3
1,228
1,215
1,224
1,1
1,321
1,190
1,17
1,130
1,84
1,139
1,88
1,32
1,235
1,156
1,740
1,2
1,387
1,2
1,252
1,86
1,158
1,231
1,69
1,188
1,80
1,183
1,49
1,44
1,63
1,76
1,15
1,273
1,28
1,378
1,2
1,52
1,26
1,30
1,4
1,208
1,24
1,152
1,72
1,173
1,51
1,713
1,9
1,178
1,253
1,192
1,28
1,808
1,297
1,3
1,12
1,50
1,3
1,272
1,30
1,2
1,44
1,79
1,39
1,42
1,135
1,35
1,81
1,204
1,24
1,44
1,22
1,6
1,87
1,60
1,9
1,135
1,118
1,22
1,73
1,203
1,100
1,220
1,8
1,50
1,106
1,90
1,121
1,47
1,47
1,35
1,95
1,61
1,184
1,40
1,163
1,25
1,300
1,125
1,164
1,249
1,29
1,163
1,50
1,316
1,130
1,97
1,29
1,68
1,34
1,521
1,42
1,36
1,47
1,135
1,40
1,48
1,171
1,27
1,96
1,253
1,55
1,190
1,5
1,31
1,355
1,6
1,73
1,132
1,28
1,148
1,1
1,39
1,73
1,68
1,15
1,205
1,127
1,128
1,45
1,5
1,47
1,120
1,26
1,243
1,73
1,326
1,611
1,96
1,65
1,49
1,85
1,44
1,65
1,59
1,17
1,33
1,10
1,79
1,145
1,25
1,269
1,19
1,42
1,312
1,44
1,103
1,31
1,210
1,47
1,235
1,29
1,221
1,3
1,108
1,124
1,276
1,106
1,349
1,114
1,190
1,40
1,6
1,117
1,82
1,18
1,3
1,63
1,84
1,32
1,23
1,10
1,150
1,143
1,19
1,12
1,10
1,35
1,83
1,127
1,130
1,133
1,280
1,74
1,46
1,58
1,64
1,108
1,188
1,267
1,252
1,56
1,46
1,136
1,69
1,106
1,269
1,36
1,16
1,82
1,152
1,7
1,44
1,10
1,20
1,26
1,26
1,33
1,77
1,110
1,57
1,31
1,42
1,20
1,104
1,51
1,39
1,188
1,188
1,130
1,83
1,199
1,13
1,18
1,276
1,40
1,7
1,39
1,38
1,149
1,93
1,108
1,12
1,84
1,92
1,5
1,13
1,51
1,38
1,8
1,200
1,121
1,130
1,16
1,44
1,17
1,163
1,24
1,55
1,82
1,59
1,62
1,108
1,58
1,290
1,8
1,196
1,85
1,68
1,2
1,24
1,50
1,79
1,43
1,782
1,259
1,13
1,672
1,77
1,261
1,23
1,149
1,72
1,134
1,2
1,12
1,142
1,188
1,32
1,254
1,51
1,192
1,18
1,26
1,38
1,447
1,143
1,145
1,4
1,474
1,295
1,137
1,181
1,97
1,38
1,129
1,44
1,90
1,160
1,146
1,48
1,8
1,38
1,195
1,90
1,22
1,58
1,137
1,12
1,378
1,32
1,137
1,42
1,96
1,8
1,51
1,716
1,3
1,295
1,631
1,18
1,106
1,63
1,54
1,168
1,11
1,22
1,199
1,306
1,128
1,11
1,177
1,66
1,144
1,140
1,123
1,163
1,88
1,222
1,34
1,225
1,257
1,106
1,252
1,111
1,8
1,5
1,205
1,25
1,2
1,128
1,20
1,47
1,51
1,28
1,61
1,216
1,96
1,92
1,320
1,220
1,80
1,103
1,282
1,124
1,156
1,5
1,55
1,740
1,58
1,10
1,176
1,212
1,53
1,18
1,95
1,127
1,117
1,137
1,54
1,85
1,153
1,18
1,42
1,199
1,113
1,79
1,34
1,31
1,110
1,59
1,60
1,335
1,144
1,15
1,180
1,8
1,32
1,35
1,116
1,264
1,60
1,9
1,151
1,96
1,20
1,262
1,87
1,41
1,75
1,59
1,158
1,168
1,199
1,3
1,61
1,39
1,15
1,76
1,12
1,16
1,153
1,13
1,486
1,69
1,28
1,144
1,43
1,57
1,9
1,52
1,86
1,98
1,12
1,18
1,32
1,224
1,147
1,27
1,270
1,16
1,71
1,154
1,96
1,105
1,24
1,38
1,96
1,17
1,73
1,129
1,176
1,56
1,22
1,320
1,234
1,60
1,82
1,10
1,115
1,53
1,123
1,183
1,47
1,78
1,147
1,8
1,37
1,124
1,28
1,94
1,156
1,214
1,4
1,318
1,51
1,12
1,46
1,111
1,6
1,25
1,53
1,94
1,96
1,20
1,176
1,326
1,2
1,13
1,108
1,99
1,11
1,56
1,13
1,20
1,2
1,171
1,45
1,108
1,33
1,156
1,98
1,7
1,77
1,317
1,14
1,38
1,20
1,76
1,48
1,19
1,76
1,39
1,55
1,53
1,10
1,181
1,26
1,217
1,288
1,35
1,8
1,160
1,27
1,45
1,113
1,23
1,178
1,209
1,63
1,161
1,11
1,74
1,165
1,123
1,47
1,151
1,20
1,180
1,56
1,67
1,36
1,105
1,48
1,18
1,31
1,42
1,2
1,146
1,27
1,15
1,196
1,41
1,328
1,21
1,227
1,46
1,59
1,145
1,29
1,121
1,187
1,51
1,69
1,136
1,77
1,185
1,176
1,131
1,864
1,10
1,428
1,55
1,350
1,38
1,43
1,171
1,8
1,15
1,154
1,65
1,39
1,82
1,179
1,444
1,89
1,14
1,29
1,121
1,139
1,15
1,54
1,29
1,102
1,136
1,40
1,54
1,108
1,36
1,84
1,9
1,94
1,20
1,108
1,113
1,48
1,2
1,210
1,150
1,81
1,494
1,20
1,496
1,160
1,31
1,93
1,172
1,242
1,14
1,37
1,7
1,23
1,38
1,103
1,19
1,56
1,174
1,172
1,3
1,137
1,187
1,14
1,133
1,113
1,144
1,69
1,39
1,45
1,327
1,389
1,16
1,42
1,49
1,23
1,108
1,133
1,59
1,91
1,4
1,160
1,2
1,32
1,216
1,26
1,13
1,42
1,3
1,18
1,138
1,85
1,352
1,81
1,113
1,20
1,80
1,69
1,11
1,99
1,138
1,12
1,1503
1,57
1,146
1,19
1,360
1,91
1,122
1,7
1,48
1,24
1,22
1,18
1,16
1,25
1,55
1,70
1,47
1,473
1,132
1,24
1,200
1,44
1,349
1,20
1,62
1,354
1,250
1,244
1,109
1,133
1,62
1,70
1,58
1,73
1,21
1,100
1,56
1,86
1,3
1,64
1,21
1,40
1,180
1,155
1,135
1,10
1,86
1,14
1,92
1,10
1,103
1,2
1,3
1,61
1,142
1,8
1,22
1,11
1,156
1,20
1,304
1,101
1,473
1,17
1,20
1,539
1,165
1,40
1,2
1,6
1,104
1,172
1,38
1,135
1,57
1,125
1,60
1,15
1,3
1,7
1,8
1,159
1,137
1,89
1,57
1,94
1,135
1,47
1,152
1,258
1,430
1,11
1,137
1,7
1,221
1,17
1,238
1,30
1,257
1,57
1,39
1,24
1,770
1,258
1,430
1,11
1,57
1,38
1,24
1,51
1,146
1,247
1,59
1,7
1,105
1,49
1,42
1,154
1,52
1,171
1,35
1,12
1,264
1,48
1,84
1,57
1,25
1,23
1,125
1,45
1,6
1,266
1,2
1,54
1,60
1,4
1,18
1,119
1,134
1,95
1,1
1,212
1,196
1,200
1,296
1,8
1,191
1,115
1,133
1,284
1,22
1,198
1,66
1,287
1,8
1,46
1,85
1,85
1,15
1,112
1,7
1,45
1,218
1,324
1,330
1,256
1,240
1,284
1,54
1,31
1,193
1,151
1,192
1,4
1,62
1,180
1,5
1,183
1,10
1,362
1,2
1,127
1,20
1,67
1,58
1,98
1,36
1,223
1,226
1,18
1,129
1,20
1,125
1,18
1,48
1,45
1,22
1,13
1,148
1,114
1,224
1,265
1,187
1,120
1,12
1,32
1,36
1,46
1,137
1,162
1,61
1,20
1,64
1,10
1,316
1,11
1,78
1,440
1,15
1,60
1,30
1,406
1,88
1,216
1,12
1,52
1,220
1,6
1,155
1,12
1,126
1,130
1,16
1,211
1,14
1,1
1,87
1,29
1,116
1,249
1,2
1,24
1,21
1,121
1,525
1,281
1,6
1,141
1,315
1,125
1,38
1,54
1,13
1,121
1,19
1,182
1,30
1,116
1,61
1,63
1,333
1,24
1,43
1,285
1,99
1,3
1,5
1,204
1,8
1,164
1,1316
1,66
1,115
1,148
1,74
1,87
1,50
1,9
1,5
1,25
1,23
1,85
1,159
1,52
1,6
1,35
1,261
1,4
1,55
1,83
1,45
1,30
1,257
1,337
1,100
1,76
1,111
1,141
1,101
1,27
1,55
1,34
1,95
1,19
1,11
1,139
1,15
1,126
1,6
1,122
1,30
1,122
1,10
1,22
1,97
1,18
1,2
1,127
1,84
1,4
1,37
1,47
1,138
1,27
1,105
1,9
1,7
1,7
1,81
1,127
1,71
1,238
1,51
1,130
1,4
1,24
1,120
1,86
1,2
1,14
1,103
1,419
1,29
1,196
1,72
1,58
1,282
1,201
1,86
1,4
1,162
1,10
1,58
1,27
1,46
1,468
1,310
1,63
1,205
1,20
1,161
1,29
1,59
1,98
1,9
1,14
1,78
1,74
1,215
1,16
1,436
1,58
1,22
1,7
1,428
1,202
1,152
1,48
1,6
1,59
1,101
1,93
1,58
1,248
1,168
1,581
1,152
1,15
1,244
1,98
1,8
1,40
1,35
1,90
1,170
1,121
1,323
1,180
1,256
1,30
1,4
1,6
1,4
1,50
1,123
1,65
1,98
1,368
1,9
1,35
1,47
1,41
1,102
1,83
1,96
1,13
1,62
1,233
1,102
1,22
1,49
1,185
1,135
1,12
1,106
1,184
1,20
1,5
1,5
1,106
1,173
1,113
1,156
1,10
1,249
1,238
1,10
1,68
1,172
1,121
1,10
1,42
1,26
1,171
1,98
1,63
1,6
1,14
1,36
1,180
1,64
1,153
1,3
1,295
1,252
1,41
1,38
1,76
1,58
1,35
1,327
1,188
1,41
1,113
1,555
1,109
1,13
1,59
1,48
1,20
1,99
1,71
1,69
1,45
1,212
1,123
1,48
1,203
1,21
1,109
1,120
1,67
1,351
1,15
1,90
1,63
1,21
1,45
1,47
1,104
1,30
1,105
1,23
1,65
1,29
1,23
1,268
1,18
1,44
1,66
1,49
1,3
1,26
1,56
1,148
1,183
1,43
1,25
1,71
1,122
1,100
1,88
1,44
1,114
1,67
1,165
1,127
1,45
1,183
1,183
1,232
1,144
1,13
1,11
1,24
1,15
1,302
1,48
1,27
1,107
1,17
1,91
1,78
1,186
1,77
1,6
1,6
1,18
1,392
1,67
1,288
1,40
1,131
1,2
1,450
1,170
1,141
1,180
1,286
1,88
1,19
1,20
1,288
1,47
1,332
1,55
1,104
1,58
1,90
1,253
1,166
1,5
1,32
1,99
1,212
1,132
1,107
1,41
1,11
1,4
1,64
1,22
1,14
1,143
1,143
1,43
1,78
1,429
1,5
1,41
1,30
1,75
1,373
1,6
1,14
1,194
1,148
1,153
1,260
1,27
1,217
1,19
1,21
1,247
1,126
1,28
1,26
1,52
1,168
1,158
1,49
1,69
1,98
1,12
1,142
1,111
1,109
1,164
1,123
1,60
1,12
1,39
1,67
1,28
1,128
1,191
2,34
2,2
2,28
2,76
2,40
2,30
2,174
2,27
2,169
2,123
2,6
2,22
2,69
2,23
2,74
2,78
2,21
2,11
2,143
2,89
2,79
2,19
2,31
2,41
2,69
2,53
2,93
2,122
2,1
2,66
2,32
2,55
2,50
2,3
2,38
2,23
2,242
2,116
2,75
2,39
2,200
2,87
2,184
2,32
2,2
2,153
2,318
2,37
2,5
2,129
2,13
2,97
2,152
2,129
2,16
2,253
2,164
2,57
2,23
2,39
2,1
2,19
2,158
2,4
2,33
2,18
2,41
2,185
2,7
2,69
2,54
2,298
2,43
2,23
2,39
2,21
2,140
2,49
2,6
2,7
2,186
2,49
2,32
2,292
2,10
2,120
2,78
2,196
2,65
2,95
2,172
2,11
2,41
2,154
2,18
2,253
2,49
2,256
2,151
2,164
2,5
2,29
2,26
2,129
2,35
2,34
2,31
2,22
2,160
2,31
2,69
2,106
2,45
2,196
2,64
2,40
2,6
2,49
2,58
2,166
2,26
2,88
2,115
2,282
2,114
2,278
2,24
2,4
2,78
2,42
2,70
2,45
2,330
2,9
2,1
2,65
2,64
2,11
2,333
2,40
2,20
2,6
2,108
2,9
2,88
2,13
2,56
2,103
2,23
2,4
2,41
2,34
2,46
2,108
2,36
2,11
2,40
2,128
2,130
2,7
2,18
2,20
2,54
2,5
2,4
2,3
2,16
2,29
2,47
2,133
2,61
2,71
2,88
2,281
2,24
2,316
2,3
2,146
2,222
2,38
2,7
2,55
2,44
2,55
2,2
2,38
2,19
2,17
2,92
2,318
2,8
2,48
2,300
2,45
2,60
2,41
2,12
2,258
2,20
2,12
2,257
2,39
2,22
2,59
2,24
2,8
2,104
2,10
2,75
2,35
2,27
2,13
2,362
2,39
2,46
2,555
2,11
2,6
2,4
2,8
2,22
2,13
2,56
2,111
2,144
2,139
2,210
2,136
2,36
2,7
2,133
2,6
2,11
2,22
2,9
2,590
2,125
2,189
2,90
2,58
2,14
2,239
2,5
2,22
2,63
2,11
2,96
2,6
2,1
2,37
2,27
2,40
2,274
2,30
2,11
2,26
2,6
2,4
2,116
2,108
2,45
2,42
2,14
2,303
2,18
2,43
2,85
2,69
2,210
2,85
2,32
2,34
2,26
2,90
2,277
2,38
2,37
2,87
2,2
2,20
2,2
2,32
2,18
2,1218
2,58
2,57
2,5
2,17
2,224
2,4
2,111
2,15
2,12
2,52
2,241
2,185
2,224
2,5
2,450
2,34
2,210
2,20
2,473
2,242
2,112
2,23
2,7
2,59
2,7
2,149
2,11
2,35
2,121
2,6
2,207
2,2
2,89
2,232
2,444
2,133
2,149
2,6
2,61
2,196
2,171
2,100
2,25
2,160
2,58
2,61
2,103
2,27
2,31
2,128
2,38
2,114
2,55
2,147
2,35
2,38
2,68
2,24
2,26
2,45
2,24
2,60
2,51
2,12
2,49
2,123
2,108
2,55
2,334
2,10
2,149
2,14
2,53
2,292
2,77
2,82
2,46
2,12
2,76
2,59
2,92
2,15
2,18
2,16
2,176
2,49
2,25
2,4
2,53
2,22
2,245
2,101
2,39
2,113
2,2
2,6
2,35
2,51
2,115
2,37
2,39
2,5
2,11
2,53
2,157
2,184
2,146
2,12
2,171
2,156
2,15
2,245
2,30
2,5
2,45
2,75
2,107
2,53
2,186
2,92
2,47
2,135
2,153
2,107
2,70
2,59
2,79
2,75
2,70
2,10
2,60
2,7
2,3
2,122
2,266
2,33
2,35
2,2
2,60
2,29
2,66
2,117
2,87
2,127
2,85
2,33
2,30
2,29
2,113
2,5
2,2
2,49
2,27
2,194
2,18
2,98
2,40
2,103
2,14
2,13
2,120
2,20
2,234
2,19
2,104
2,6
2,4
2,48
2,115
2,41
2,76
2,38
2,72
2,25
2,176
2,248
2,36
2,94
2,15
2,70
2,8
2,103
2,149
2,12
2,50
2,21
2,278
2,22
2,13
2,123
2,127
2,24
2,103
2,225
2,126
2,67
2,18
2,60
2,11
2,29
2,122
2,91
2,6
2,232
2,177
2,8
2,133
2,173
2,3
2,67
2,96
2,365
2,202
2,50
2,15
2,323
2,39
2,247
2,172
2,56
2,76
2,122
2,63
2,167
2,102
2,15
2,149
2,62
2,264
2,38
2,140
2,64
2,52
2,70
2,135
2,38
2,145
2,60
2,20
2,15
2,89
2,7
2,42
2,106
2,46
2,37
2,42
2,56
2,7
2,3
2,193
2,24
2,7
2,176
2,41
2,672
2,143
2,13
2,17
2,20
2,119
2,56
2,29
2,74
2,26
2,10
2,222
2,21
2,45
2,97
2,395
2,153
2,83
2,492
2,101
2,134
2,220
2,42
2,185
2,178
2,54
2,440
2,22
2,55
2,141
2,51
2,16
2,9
2,419
2,113
2,31
2,14
2,8
2,66
2,17
2,53
2,93
2,371
2,47
2,70
2,26
2,338
2,35
2,142
2,13
2,91
2,143
2,22
2,31
2,77
2,14
2,135
2,113
2,35
2,36
2,153
2,211
2,140
2,52
2,33
2,10
2,16
2,61
2,166
2,8
2,163
2,67
2,390
2,76
2,141
2,9
2,101
2,13
2,216
2,40
2,121
2,147
2,93
2,76
2,95
2,267
2,55
2,2
2,24
2,116
2,187
2,13
2,173
2,21
2,194
2,193
2,13
2,63
2,3
2,76
2,4
2,2
2,29
2,52
2,50
2,2
2,122
2,39
2,40
2,183
2,49
2,59
2,46
2,56
2,98
2,37
2,5
2,3
2,199
2,143
2,23
2,32
2,42
2,62
2,44
2,29
2,180
2,18
2,54
2,95
2,98
2,192
2,6
2,27
2,87
2,3
2,27
2,258
2,64
2,59
2,21
2,322
2,50
2,26
2,32
2,65
2,17
2,35
2,70
2,40
2,17
2,6
2,162
2,48
2,19
2,36
2,104
2,2
2,58
2,10
2,10
2,20
2,34
2,41
2,85
2,78
2,32
2,18
2,10
2,5
2,30
2,69
2,84
2,229
2,8
2,134
2,1
2,62
2,95
2,46
2,169
2,148
2,35
2,2
2,76
2,340
2,249
2,47
2,508
2,17
2,185
2,43
2,7
2,110
2,21
2,145
2,82
2,197
2,55
2,61
2,15
2,128
2,32
2,162
2,87
2,112
2,8
2,117
2,10
2,40
2,125
2,235
2,108
2,254
2,138
2,129
2,195
2,138
2,5
2,258
2,31
2,47
2,98
2,47
2,8
2,145
2,10
2,164
2,37
2,97
2,7
2,112
2,296
2,6
2,18
2,13
2,22
2,324
2,98
2,183
2,48
2,89
2,158
2,76
2,158
2,20
2,8
2,246
2,4
2,123
2,18
2,59
2,489
2,157
2,578
2,35
2,119
2,66
2,51
2,24
2,115
2,162
2,33
2,2
2,44
2,29
2,22
2,89
2,99
2,76
2,6
2,22
2,809
2,43
2,142
2,141
2,96
2,185
2,14
2,16
2,40
2,46
2,410
2,74
2,68
2,223
2,172
2,44
2,124
2,25
2,67
2,253
2,24
2,135
2,43
2,87
2,14
2,28
2,86
2,69
2,36
2,8
2,101
2,203
2,151
2,130
2,228
2,356
2,19
2,254
2,16
2,25
2,111
2,216
2,254
2,135
2,15
2,69
2,169
2,214
2,112
2,119
2,60
2,196
2,122
2,10
2,6
2,26
2,99
2,38
2,252
2,17
2,71
2,50
2,59
2,62
2,38
2,54
2,181
2,56
2,304
2,200
2,41
2,146
2,94
2,44
2,15
2,208
2,17
2,92
2,6
2,15
2,12
2,674
2,542
2,10
2,53
2,10
2,231
2,48
2,3
2,141
2,120
2,22
2,16
2,28
2,58
2,166
2,69
2,131
2,14
2,42
2,52
2,52
2,136
2,98
2,93
2,257
2,311
2,143
2,58
2,114
2,65
2,88
2,19
2,31
2,1
2,33
2,45
2,21
2,20
2,37
2,168
2,53
2,24
2,220
2,4
2,8
2,41
2,36
2,108
2,8
2,80
2,33
2,316
2,15
2,121
2,51
2,23
2,71
2,79
2,222
2,430
2,21
2,165
2,196
2,75
2,22
2,60
2,272
2,296
2,183
2,60
2,59
2,18
2,21
2,93
2,138
2,95
2,140
2,259
2,50
2,44
2,67
2,67
2,62
2,24
2,28
2,34
2,59
2,120
2,183
2,206
2,31
2,23
2,92
2,10
2,6
2,423
2,25
2,86
2,1
2,300
2,20
2,6
2,163
2,115
2,186
2,183
2,285
2,75
2,264
2,26
2,73
2,41
2,105
2,106
2,74
2,35
2,91
2,99
2,37
2,126
2,37
2,199
2,350
2,10
2,98
2,20
2,133
2,137
2,109
2,26
2,11
2,51
2,258
2,22
2,122
2,44
2,12
2,18
2,17
2,78
2,337
2,43
2,37
2,142
2,58
2,16
2,29
2,16
2,164
2,168
2,61
2,112
2,5
2,15
2,22
2,48
2,7
2,123
2,11
2,2
2,51
2,17
2,60
2,67
2,30
2,351
2,135
2,56
2,120
2,11
2,35
2,2
2,93
2,51
2,43
2,33
2,108
2,10
2,10
2,12
2,27
2,46
2,190
2,38
2,100
2,268
2,361
2,25
2,43
2,26
2,45
2,25
2,120
2,52
2,114
2,17
2,368
2,1
2,35
2,22
2,19
2,280
2,162
2,20
2,11
2,4
2,121
2,43
2,54
2,8
2,62
2,45
2,93
2,89
2,40
2,118
2,111
2,19
2,58
2,54
2,94
2,677
2,42
2,68
2,12
2,106
2,64
2,129
2,18
2,22
2,224
2,99
2,56
2,90
2,260
2,70
2,91
2,86
2,18
2,13
2,255
2,75
2,7
2,66
2,63
2,55
2,114
2,52
2,100
2,77
2,309
2,63
2,162
2,77
2,244
2,163
2,26
2,2
2,35
2,450
2,13
2,10
2,214
2,113
2,233
2,2
2,20
2,3
2,34
2,55
2,237
2,40
2,68
2,80
2,105
2,230
2,218
2,139
2,84
2,309
2,75
2,39
2,237
2,209
2,165
2,367
2,62
2,103
2,176
2,10
2,8
2,118
2,149
2,114
2,74
2,54
2,20
2,119
2,10
2,84
2,49
2,144
2,24
2,22
2,49
2,46
2,20
2,522
2,43
2,33
2,253
2,39
2,25
2,144
2,22
2,20
2,4
2,42
2,8
2,44
2,261
2,162
2,102
2,17
2,237
2,70
2,125
2,171
2,54
2,154
2,21
2,60
2,29
2,127
2,224
2,479
2,29
2,125
2,53
2,135
2,37
2,51
2,21
2,68
2,31
2,40
2,114
2,116
2,93
2,21
2,99
2,243
2,2
2,6
2,237
2,74
2,277
2,152
2,119
2,135
2,18
2,123
2,539
2,71
2,40
2,136
2,135
2,208
2,10
2,72
2,16
2,141
2,621
2,5
2,3
2,18
2,267
2,12
2,32
2,225
2,87
2,9
2,48
2,10
2,12
2,35
2,51
2,15
2,34
2,76
2,98
2,401
2,238
2,38
2,57
2,93
2,61
2,92
2,69
2,23
2,176
2,42
2,247
2,7
2,47
2,4
2,14
2,5
2,10
2,49
2,101
2,76
2,32
2,169
2,99
2,61
2,29
2,174
2,146
2,31
2,104
2,10
2,168
2,9
2,29
2,111
2,14
2,320
2,19
2,214
2,20
2,3
2,44
2,86
2,16
2,170
2,79
2,406
2,32
2,47
2,163
2,115
2,9
2,43
2,95
2,89
2,86
2,146
2,252
2,154
2,171
2,5
2,198
2,30
2,94
2,27
2,70
2,85
2,25
2,6
2,110
2,18
2,232
2,79
2,39
2,15
2,8
2,34
2,10
2,14
2,27
2,16
2,56
2,56
2,67
2,350
2,4
2,72
2,200
2,36
2,31
2,40
2,19
2,269
2,54
2,200
2,106
2,67
2,3
2,56
2,212
2,361
2,37
2,122
2,43
2,156
2,135
2,164
2,118
2,70
2,3
2,165
2,26
2,137
2,92
2,4
2,69
2,286
2,74
2,53
2,18
2,17
2,28
2,36
2,6
2,316
2,15
2,108
2,50
2,46
2,49
2,18
2,108
2,71
2,68
2,34
2,78
2,288
2,155
2,37
2,23
2,1
2,24
2,217
2,45
2,161
2,120
2,32
2,122
2,15
2,208
2,59
2,41
2,4
2,46
2,105
2,47
2,158
2,40
2,101
2,193
2,192
2,128
2,21
2,83
2,6
2,116
2,30
2,2
2,420
2,257
2,25
2,173
2,259
2,126
2,7
2,120
2,378
2,120
2,94
2,611
2,42
2,70
2,35
2,125
2,324
2,85
2,3
2,10
2,44
2,36
2,396
2,133
2,207
2,2
2,85
2,92
2,66
2,272
2,15
2,167
2,90
2,7
2,121
2,8
2,565
2,128
2,217
2,26
2,15
2,112
2,91
2,29
2,12
2,305
2,166
2,71
2,293
2,28
2,106
2,38
2,4
2,53
2,9
2,239
2,199
2,40
2,127
2,8
2,429
2,105
2,75
2,14
2,400
2,47
2,52
2,39
2,30
2,230
2,83
2,56
2,171
2,128
2,284
2,406
2,120
2,8
2,49
2,28
2,180
2,83
2,54
2,12
2,33
2,2
2,12
2,103
2,301
2,44
2,36
2,63
2,28
2,40
2,87
2,77
2,39
2,149
2,394
2,15
2,49
2,82
2,71
2,549
2,23
2,94
2,213
2,143
2,494
2,74
2,50
2,7
2,35
2,9
2,21
2,243
2,59
2,343
2,66
2,27
2,127
2,153
2,12
2,257
2,16
2,240
2,43
2,115
2,30
2,110
2,75
2,245
2,118
2,52
2,22
2,38
2,18
2,11
2,45
2,539
2,217
2,80
2,52
2,10
2,28
2,12
2,280
2,31
2,25
2,8
2,4
2,120
2,79
2,340
2,152
2,5
2,4
2,30
2,145
2,77
2,265
2,106
2,72
2,181
2,33
2,45
2,168
2,6
2,35
2,29
2,86
2,109
2,116
2,14
2,88
2,106
2,110
2,5
2,204
2,4
2,203
2,2
2,83
2,50
2,55
2,10
2,138
2,176
2,94
2,79
2,32
2,91
2,148
2,154
2,13
2,83
2,121
2,27
2,4
2,18
2,119
2,33
2,57
2,143
2,80
2,77
2,110
2,330
2,10
2,118
2,73
2,41
2,107
2,29
2,127
2,66
2,57
2,42
2,243
2,151
2,64
2,101
2,80
2,220
2,66
2,45
2,16
2,77
2,52
2,864
2,9
2,35
2,23
2,226
2,2
2,121
2,15
2,15
2,117
2,45
2,187
2,291
2,58
2,6
2,47
2,29
2,66
2,144
2,77
2,295
2,7
2,48
2,20
2,55
2,9
2,74
2,83
2,73
2,10
2,22
2,73
2,86
2,21
2,4
2,19
2,35
2,28
2,143
2,209
2,69
2,18
2,70
2,76
2,150
2,117
2,82
2,33
2,25
2,15
2,120
2,69
2,270
2,6
2,22
2,10
2,138
2,76
2,38
2,16
2,44
2,446
2,85
2,100
2,39
2,312
2,68
2,18
2,248
2,203
2,16
2,237
2,214
2,115
2,223
2,73
2,378
2,152
2,209
2,392
2,44
2,14
2,9
2,154
2,64
2,160
2,94
2,45
2,68
2,46
2,161
2,95
2,44
2,63
2,152
2,87
2,93
2,315
2,25
2,52
2,22
2,52
2,6
2,24
2,44
2,491
2,160
2,30
2,346
2,8
2,458
2,275
2,36
2,16
2,30
2,78
2,133
2,82
2,24
2,243
2,430
2,36
2,487
2,16
2,110
2,2
2,15
2,126
2,108
2,24
2,1
2,21
2,35
2,126
2,486
2,137
2,220
2,27
2,106
2,277
2,98
2,52
2,19
2,492
2,215
2,159
2,129
2,77
2,25
2,45
2,282
2,47
2,136
2,37
2,72
2,34
2,3
2,87
2,165
2,101
2,20
2,54
2,49
2,76
2,66
2,212
2,65
2,11
2,121
2,29
2,26
2,49
2,112
2,174
2,14
2,36
2,201
2,143
2,48
2,148
2,241
2,476
2,280
2,69
2,96
2,7
2,45
2,1
2,132
2,110
2,808
2,72
2,18
2,8
2,43
2,1
2,91
2,161
2,41
2,164
2,113
2,34
2,241
2,397
2,27
2,26
2,53
2,74
2,158
2,209
2,85
2,3
2,180
2,47
2,10
2,60
2,74
2,687
2,488
2,105
2,42
2,35
2,16
2,105
2,180
2,53
2,120
2,56
2,36
2,300
2,46
2,13
2,29
2,554
2,40
2,381
2,83
2,184
2,96
2,309
2,75
2,18
2,37
2,110
2,26
2,269
2,7
2,3
2,2
2,15
2,198
2,16
2,55
2,22
2,93
2,13
2,27
2,11
2,33
2,26
2,3
2,23
2,1
2,246
2,4
2,20
2,69
2,69
2,43
2,242
2,180
2,78
2,141
2,19
2,239
2,45
2,246
2,226
2,21
2,2
2,4
2,21
2,99
2,74
2,38
2,44
2,196
2,65
2,148
2,2
2,37
2,120
2,8
2,56
2,1
2,7
2,75
2,319
2,61
2,56
2,109
2,48
2,353
2,239
2,56
2,2
2,115
2,27
2,161
2,42
2,44
2,26
2,10
2,176
2,53
2,228
2,163
2,11
2,15
2,137
2,10
2,220
2,122
2,71
2,136
2,40
2,30
2,14
2,122
2,204
2,89
2,27
2,147
2,203
2,56
2,30
2,108
2,10
2,10
2,29
2,343
2,18
2,11
2,98
2,5
2,38
2,143
2,135
2,6
2,74
2,24
2,267
2,18
2,44
2,24
2,23
2,5
2,227
2,171
2,43
2,73
2,79
2,24
2,270
2,65
2,22
2,141
2,134
2,80
2,155
2,18
2,602
2,97
2,25
2,389
2,87
2,106
2,51
2,133
2,17
2,319
2,133
2,86
2,56
2,53
2,6
2,28
2,47
2,208
2,13
2,91
2,43
2,53
2,88
2,31
2,124
2,83
2,54
2,189
2,97
2,296
2,133
2,64
2,46
2,8
2,100
2,110
2,18
2,21
2,57
2,253
2,122
2,221
2,16
2,499
2,232
2,36
2,124
2,12
2,249
2,118
2,17
2,140
2,85
2,62
2,41
2,53
2,43
2,72
2,168
2,85
2,23
2,76
2,51
2,50
2,37
2,148
2,301
2,7
2,60
2,83
2,15
2,64
2,92
2,237
2,53
2,100
2,9
2,17
2,78
2,56
2,31
2,53
2,198
2,152
2,311
2,393
2,35
2,4
2,186
2,127
2,53
2,92
2,437
2,4
2,20
2,121
2,55
2,5
2,121
2,61
2,13
2,21
2,26
2,23
2,22
2,74
2,3
2,255
2,29
2,12
2,166
2,77
2,25
2,392
2,82
2,244
2,92
2,142
2,129
2,104
2,39
2,115
2,34
2,52
2,63
2,15
2,192
2,102
2,44
2,4
2,54
2,50
2,20
2,144
2,975
2,179
2,37
2,104
2,185
2,11
2,129
2,20
2,2
2,130
2,226
2,4
2,126
2,50
2,193
2,98
2,136
2,87
2,172
2,9
2,6
2,231
2,17
2,102
2,39
2,22
2,229
2,81
2,41
2,77
2,666
2,127
2,159
2,18
2,151
3,42
3,188
3,61
3,157
3,35
3,69
3,303
3,39
3,129
3,55
3,63
3,325
3,86
3,432
3,120
3,87
3,476
3,178
3,23
3,284
3,28
3,20
3,66
3,193
3,56
3,40
3,40
3,227
3,211
3,154
3,17
3,82
3,81
3,46
3,33
3,51
3,27
3,308
3,124
3,149
3,120
3,179
3,112
3,14
3,36
3,108
3,66
3,154
3,346
3,233
3,266
3,274
3,164
3,211
3,179
3,47
3,146
3,24
3,120
3,30
3,404
3,34
3,464
3,363
3,13
3,69
3,135
3,164
3,258
3,119
3,22
3,275
3,110
3,20
3,7
3,233
3,68
3,34
3,316
3,207
3,118
3,18
3,170
3,629
3,120
3,47
3,24
3,262
3,178
3,391
3,198
3,21
3,91
3,258
3,48
3,56
3,301
3,213
3,443
3,290
3,86
3,20
3,9
3,7
3,27
3,245
3,162
3,32
3,219
3,84
3,238
3,99
3,14
3,130
3,17
3,48
3,148
3,24
3,126
3,1
3,289
3,273
3,120
3,22
3,33
3,39
3,89
3,50
3,70
3,73
3,19
3,1477
3,402
3,86
3,49
3,161
3,31
3,30
3,138
3,213
3,169
3,212
3,24
3,256
3,401
3,95
3,1
3,145
3,355
3,106
3,178
3,94
3,238
3,14
3,70
3,66
3,288
3,110
3,217
3,322
3,106
3,180
3,99
3,154
3,111
3,86
3,202
3,145
3,66
3,49
3,370
3,342
3,11
3,61
3,107
3,235
3,216
3,338
3,214
3,436
3,80
3,308
3,119
3,20
3,170
3,181
3,1
3,35
3,81
3,226
3,132
3,161
3,16
3,214
3,147
3,130
3,115
3,189
3,100
3,110
3,363
3,24
3,141
3,341
3,118
3,93
3,57
3,583
3,116
3,82
3,88
3,278
3,120
3,91
3,30
3,88
3,112
3,57
3,16
3,10
3,31
3,52
3,71
3,412
3,38
3,70
3,154
3,28
3,536
3,9
3,192
3,43
3,28
3,87
3,26
3,178
3,134
3,456
3,27
3,298
3,48
3,114
3,214
3,154
3,256
3,407
3,14
3,5
3,436
3,719
3,178
3,237
3,114
3,411
3,103
3,192
3,124
3,71
3,182
3,6
3,192
3,246
3,12
3,317
3,123
3,16
3,9
3,8
3,34
3,208
3,110
3,28
3,43
3,4
3,26
3,27
3,93
3,2
3,72
3,67
3,126
3,265
3,62
3,260
3,112
3,314
3,116
3,100
3,493
3,113
3,13
3,304
3,554
3,285
3,184
3,25
3,301
3,37
3,259
3,25
3,485
3,222
3,41
3,475
3,345
3,82
3,158
3,409
3,19
3,39
3,48
3,119
3,88
3,139
3,367
3,164
3,266
3,162
3,60
3,180
3,142
3,943
3,127
3,45
3,101
3,53
3,596
3,161
3,83
3,488
3,297
3,344
3,94
3,74
3,42
3,266
3,29
3,29
3,237
3,157
3,98
3,213
3,184
3,107
3,66
3,175
3,182
3,57
3,42
3,95
3,316
3,15
3,85
3,84
3,18
3,300
3,15
3,81
3,357
3,289
3,39
3,95
3,213
3,288
3,40
3,24
3,35
3,84
3,587
3,353
3,511
3,120
3,10
3,391
3,60
3,84
3,285
3,440
3,134
3,38
3,114
3,17
3,41
3,184
3,51
3,97
3,790
3,92
3,110
3,20
3,55
3,452
3,35
3,233
3,71
3,158
3,122
3,650
3,122
3,238
3,193
3,113
3,184
3,75
3,263
3,44
3,17
3,9
3,4
3,442
3,79
3,168
3,92
3,226
3,110
3,12
3,98
3,230
3,89
3,89
3,11
3,299
3,520
3,107
3,305
3,142
3,312
3,333
3,166
3,216
3,370
3,367
3,433
3,115
3,349
3,10
3,51
3,253
3,272
3,86
3,48
3,56
3,128
3,509
3,67
3,449
3,20
3,49
3,158
3,42
3,20
3,940
3,471
3,295
3,132
3,191
3,93
3,211
3,59
3,450
3,176
3,98
3,45
3,24
3,208
3,32
3,123
3,148
3,83
3,210
3,78
3,59
3,100
3,155
3,51
3,17
3,35
3,202
3,155
3,127
3,180
3,334
3,11
3,3
3,41
3,87
3,142
3,41
3,5
3,78
3,3
3,160
3,373
3,33
3,190
3,310
3,87
3,34
3,436
3,168
3,176
3,180
3,201
3,27
3,27
3,125
3,139
3,238
3,157
3,23
3,97
3,30
3,23
3,128
3,82
3,223
3,58
3,174
3,51
3,117
3,194
3,20
3,204
3,13
3,86
3,182
3,39
3,256
3,139
3,7
3,333
3,63
3,83
3,36
3,38
3,354
3,166
3,153
3,86
3,201
3,281
3,400
3,72
3,473
3,14
3,49
3,22
3,499
3,688
3,72
3,75
3,593
3,190
3,83
3,306
3,100
3,32
3,233
3,342
3,36
3,102
3,207
3,67
3,61
3,13
3,70
3,163
3,523
3,32
3,75
3,94
3,87
3,33
3,80
3,41
3,100
3,4
3,290
3,172
3,356
3,120
3,93
3,138
3,9
3,2
3,224
3,30
3,94
3,137
3,16
3,21
3,177
3,68
3,13
3,14
3,75
3,92
3,129
3,79
3,128
3,70
3,44
3,64
3,284
3,104
3,3
3,48
3,125
3,913
3,177
3,49
3,67
3,3
3,170
3,320
3,115
3,2
3,918
3,33
3,189
3,175
3,217
3,83
3,258
3,92
3,23
3,78
3,2
3,2
3,220
3,102
3,168
3,79
3,181
3,51
3,20
3,99
3,329
3,93
3,324
3,3
3,558
3,2
3,137
3,103
3,270
3,76
3,61
3,123
3,69
3,21
3,377
3,159
3,220
3,179
3,233
3,126
3,98
3,314
3,19
3,114
3,759
3,60
3,107
3,723
3,100
3,590
3,188
3,158
3,99
3,318
3,298
3,111
3,6
3,13
3,328
3,361
3,394
3,12
3,60
3,102
3,366
3,56
3,56
3,26
3,46
3,258
3,241
3,18
3,54
3,90
3,170
3,22
3,184
3,231
3,40
3,136
3,34
3,359
3,347
3,147
3,11
3,267
3,58
3,356
3,39
3,98
3,74
3,508
3,27
3,180
3,194
3,238
3,109
3,246
3,515
3,322
3,344
3,234
3,26
3,76
3,74
3,73
3,177
3,118
3,300
3,100
3,38
3,59
3,54
3,3
3,71
3,120
3,157
3,389
3,35
3,30
3,306
3,166
3,202
3,251
3,217
3,195
3,110
3,157
3,210
3,216
3,31
3,67
3,90
3,133
3,215
3,177
3,209
3,255
3,171
3,43
3,244
3,130
3,272
3,60
3,28
3,12
3,29
3,7
3,114
3,66
3,146
3,237
3,8
3,232
3,89
3,109
3,152
3,239
3,140
3,27
3,6
3,204
3,144
3,131
3,199
3,22
3,30
3,116
3,1267
3,71
3,346
3,42
3,83
3,38
3,156
3,40
3,439
3,321
3,74
3,56
3,100
3,198
3,108
3,49
3,219
3,663
3,34
3,160
3,69
3,232
3,200
3,104
3,176
3,112
3,26
3,218
3,10
3,232
3,13
3,61
3,28
3,197
3,12
3,482
3,71
3,147
3,113
3,555
3,56
3,60
3,106
3,36
3,43
3,128
3,12
3,82
3,11
3,71
3,99
3,204
3,10
3,127
3,99
3,13
3,120
3,10
3,347
3,166
3,205
3,183
3,317
3,254
3,19
3,7
3,2
3,250
3,41
3,287
3,165
3,469
3,183
3,133
3,70
3,138
3,17
3,260
3,106
3,113
3,116
3,101
3,110
3,162
3,2
3,30
3,133
3,3
3,114
3,91
3,193
3,229
3,485
3,92
3,13
3,37
3,16
3,202
3,152
3,32
3,109
3,32
3,78
3,29
3,312
3,138
3,230
3,79
3,304
3,7
3,110
3,112
3,12
3,108
3,257
3,201
3,11
3,444
3,112
3,168
3,86
3,197
3,172
3,541
3,16
3,294
3,50
3,123
3,10
3,5
3,16
3,472
3,93
3,1
3,67
3,92
3,25
3,67
3,17
3,130
3,25
3,128
3,166
3,28
3,3
3,10
3,295
3,216
3,35
3,40
3,8
3,14
3,111
3,362
3,152
3,243
3,15
3,121
3,174
3,234
3,274
3,155
3,186
3,18
3,217
3,170
3,52
3,267
3,20
3,214
3,20
3,140
3,150
3,157
3,349
3,293
3,16
3,107
3,40
3,497
3,10
3,112
3,70
3,30
3,8
3,93
3,511
3,111
3,13
3,52
3,654
3,44
3,143
3,716
3,201
3,30
3,10
3,228
3,24
3,137
3,130
3,14
3,128
3,181
3,65
3,269
3,129
3,221
3,57
3,535
3,5
3,115
3,32
3,41
3,229
3,67
3,193
3,58
3,403
3,52
3,73
3,4
3,150
3,42
3,33
3,364
3,18
3,12
3,209
3,111
3,22
3,42
3,55
3,44
3,28
3,40
3,39
3,115
3,105
3,21
3,200
3,115
3,33
3,388
3,200
3,369
3,92
3,97
3,225
3,157
3,208
3,2
3,263
3,130
3,122
3,275
3,36
3,209
3,223
3,263
3,406
3,8
3,151
3,43
3,72
3,57
3,116
3,87
3,23
3,32
3,76
3,348
3,382
3,259
3,84
3,150
3,8
3,8
3,3
3,85
3,62
3,108
3,141
3,197
3,307
3,162
3,86
3,85
3,176
3,225
3,334
3,226
3,2
3,39
3,7
3,169
3,318
3,136
3,37
3,10
3,302
3,41
3,91
3,289
3,29
3,233
3,152
3,43
3,150
3,74
3,19
3,35
3,52
3,146
3,147
3,40
3,328
3,610
3,36
3,92
3,58
3,16
3,609
3,344
3,356
3,48
3,166
3,77
3,66
3,199
3,5
3,373
3,367
3,223
3,48
3,277
3,243
3,94
3,236
3,101
3,109
3,14
3,555
3,55
3,125
3,8
3,14
3,344
3,106
3,12
3,5
3,23
3,43
3,312
3,56
3,75
3,10
3,172
3,11
3,183
3,19
3,52
3,110
3,121
3,79
3,317
3,2
3,40
3,496
3,82
3,44
3,111
3,336
3,241
3,41
3,314
3,33
3,294
3,31
3,116
3,202
3,15
3,76
3,68
3,57
3,26
3,168
3,163
3,64
3,72
3,544
3,59
3,326
3,174
3,92
3,171
3,49
3,166
3,207
3,569
3,51
3,214
3,534
3,257
3,209
3,46
3,19
3,83
3,39
3,242
3,79
3,121
3,380
3,514
3,67
3,196
3,74
3,59
3,179
3,59
3,12
3,12
3,90
3,131
3,42
3,75
3,42
3,82
3,389
3,139
3,346
3,108
3,233
3,64
3,199
3,32
3,27
3,122
3,7
3,148
3,53
3,112
3,103
3,64
3,37
3,148
3,108
3,45
3,82
3,96
3,389
3,19
3,45
3,125
3,45
3,14
3,10
3,18
3,38
3,117
3,11
3,52
3,176
3,82
3,304
3,21
3,240
3,120
3,158
3,40
3,106
3,7
3,8
3,72
3,38
3,123
3,14
3,86
3,112
3,178
3,42
3,50
3,172
3,372
3,178
3,226
3,287
3,294
3,271
3,179
3,33
3,40
3,189
3,23
3,71
3,179
3,246
3,19
3,201
3,37
3,44
3,208
3,36
3,72
3,206
3,334
3,6
3,135
3,298
3,60
3,12
3,192
3,38
3,150
3,102
3,357
3,60
3,43
3,2
3,7
3,12
3,86
3,140
3,265
3,21
3,26
3,177
3,7
3,12
3,8
3,139
3,178
3,1
3,355
3,16
3,160
3,14
3,291
3,93
3,78
3,9
3,538
3,46
3,463
3,63
3,19
3,50
3,141
3,170
3,12
3,70
3,30
3,245
3,748
3,100
3,149
3,28
3,265
3,338
3,60
3,72
3,121
3,226
3,34
3,8
3,42
3,106
3,102
3,46
3,6
3,85
3,4
3,4
3,95
3,64
3,62
3,22
3,524
3,82
3,6
3,37
3,220
3,88
3,228
3,41
3,103
3,97
3,542
3,134
3,259
3,140
3,26
3,73
3,319
3,59
3,160
3,22
3,25
3,166
3,94
3,81
3,26
3,115
3,64
3,40
3,273
3,106
3,54
3,43
3,16
3,22
3,12
3,164
3,67
3,8
3,13
3,102
3,244
3,26
3,82
3,28
3,200
3,88
3,20
3,290
3,243
3,8
3,8
3,113
3,35
3,84
3,18
3,43
3,17
3,8
3,3
3,528
3,72
3,343
3,23
3,24
3,228
3,18
3,12
3,124
3,78
3,72
3,28
3,30
3,122
3,3
3,8
3,41
3,156
3,410
3,91
3,40
3,150
3,128
3,919
3,30
3,182
3,70
3,188
3,110
3,103
3,299
3,224
3,32
3,98
3,170
3,55
3,262
3,48
3,22
3,171
3,8
3,39
3,186
3,34
3,257
3,118
3,138
3,68
3,176
3,251
3,64
3,37
3,132
3,62
3,106
3,592
3,64
3,10
3,4
3,98
3,30
3,245
3,224
3,271
3,7
3,380
3,53
3,153
3,44
3,174
3,14
3,62
3,133
3,1
3,119
3,63
3,3
3,206
3,350
3,275
3,55
3,421
3,122
3,462
3,18
3,20
3,73
3,357
3,42
3,22
3,15
3,25
3,206
3,257
3,18
3,167
3,140
3,6
3,454
3,63
3,236
3,15
3,110
3,35
3,28
3,85
3,232
3,85
3,57
3,26
3,230
3,55
3,5
3,33
3,134
3,124
3,99
3,221
3,115
3,120
3,138
3,190
3,109
3,30
3,208
3,25
3,609
3,260
3,150
3,70
3,30
3,195
3,303
3,176
3,11
3,167
3,284
3,106
3,64
3,87
3,171
3,22
3,149
3,87
3,62
3,70
3,70
3,324
3,6
3,49
3,12
3,37
3,25
3,80
3,145
3,378
3,94
3,46
3,269
3,159
3,158
3,685
3,199
3,14
3,126
3,23
3,116
3,183
3,40
3,48
3,470
3,6
3,133
3,11
3,34
3,99
3,44
3,286
3,15
3,10
4,62
4,59
4,9
4,10
4,76
4,6
4,29
4,63
4,56
4,10
4,9
4,106
4,67
4,46
4,92
4,44
4,18
4,112
4,59
4,91
4,38
4,2
4,70
4,66
4,26
4,12
4,28
4,77
4,95
4,3
4,114
4,178
4,38
4,53
4,121
4,80
4,143
4,76
4,57
4,97
4,68
4,266
4,20
4,25
4,6
4,8
4,36
4,29
4,47
4,80
4,14
4,30
4,12
4,34
4,20
4,28
4,46
4,7
4,66
4,24
4,4
4,132
4,17
4,234
4,45
4,136
4,5
4,33
4,43
4,40
4,12
4,35
4,480
4,5
4,11
4,50
4,183
4,6
4,6
4,37
4,34
4,111
4,46
4,154
4,70
4,46
4,18
4,164
4,129
4,66
4,60
4,61
4,52
4,41
4,196
4,67
4,48
4,58
4,62
4,72
4,17
4,183
4,69
4,64
4,57
4,26
4,23
4,69
4,68
4,26
4,89
4,37
4,12
4,64
4,96
4,8
4,104
4,80
4,158
4,6
4,104
4,49
4,183
4,36
4,23
4,19
4,36
4,68
4,83
4,34
4,26
4,38
4,57
4,37
4,32
4,74
4,129
4,42
4,96
4,12
4,25
4,55
4,32
4,8
4,10
4,87
4,82
4,98
4,77
4,52
4,15
4,88
4,43
4,94
4,37
4,48
4,91
4,1
4,94
4,70
4,28
4,49
4,113
4,161
4,34
4,26
4,87
4,72
4,50
4,39
4,10
4,75
4,17
4,57
4,20
4,69
4,74
4,26
4,82
4,8
4,86
4,200
4,40
4,67
4,13
4,4
4,36
4,15
4,64
4,124
4,16
4,20
4,68
4,16
4,75
4,10
4,106
4,29
4,25
4,203
4,58
4,103
4,51
4,20
4,6
4,22
4,41
4,94
4,37
4,41
4,76
4,49
4,221
4,24
4,32
4,83
4,14
4,13
4,82
4,40
4,88
4,77
4,38
4,20
4,36
4,95
4,22
4,119
4,23
4,30
4,27
4,144
4,17
4,59
4,11
4,14
4,34
4,48
4,85
4,26
4,48
4,7
4,28
4,105
4,41
4,117
4,69
4,48
4,18
4,6
4,16
4,26
4,398
4,45
4,48
4,97
4,11
4,25
4,8
4,64
4,41
4,8
4,65
4,98
4,14
4,23
4,273
4,40
4,10
4,52
4,80
4,16
4,35
4,30
4,82
4,36
4,76
4,8
4,272
4,87
4,21
4,21
4,76
4,65
4,10
4,47
4,4
4,13
4,167
4,34
4,42
4,79
4,67
4,22
4,40
4,76
4,164
4,7
4,35
4,105
4,10
4,376
4,78
4,18
4,27
4,16
4,27
4,71
4,66
4,80
4,41
4,320
4,2
4,31
4,9
4,14
4,60
4,11
4,10
4,28
4,65
4,310
4,29
4,30
4,285
4,9
4,32
4,30
4,94
4,62
4,16
4,70
4,92
4,10
4,65
4,9
4,21
4,14
4,7
4,187
4,3
4,16
4,65
4,144
4,37
4,78
4,56
4,531
4,53
4,83
4,336
4,78
4,97
4,8
4,18
4,33
4,24
4,22
4,69
4,22
4,76
4,25
4,15
4,106
4,6
4,91
4,29
4,63
4,15
4,31
4,4
4,89
4,168
4,10
4,25
4,94
4,104
4,186
4,74
4,87
4,149
4,87
4,21
4,55
4,32
4,170
4,366
4,32
4,3
4,59
4,26
4,43
4,51
4,40
4,11
4,8
4,99
4,178
4,21
4,77
4,33
4,192
4,42
4,120
4,18
4,64
4,87
4,4
4,17
4,137
4,94
4,69
4,13
4,10
4,20
4,144
4,22
4,44
4,125
4,85
4,44
4,71
4,30
4,92
4,38
4,30
4,15
4,131
4,148
4,66
4,81
4,58
4,63
4,307
4,125
4,17
4,48
4,120
4,26
4,56
4,96
4,462
4,20
4,11
4,40
4,92
4,76
4,93
4,18
4,28
4,114
4,53
4,7
4,30
4,86
4,27
4,204
4,2
4,79
4,94
4,25
4,41
4,50
4,37
4,68
4,49
4,192
4,35
4,22
4,148
4,208
4,190
4,73
4,20
4,201
4,29
4,152
4,98
4,397
4,88
4,98
4,55
4,233
4,152
4,101
4,93
4,191
4,45
4,18
4,67
4,154
4,38
4,146
4,22
4,51
4,114
4,50
4,77
4,176
4,14
4,4
4,11
4,73
4,154
4,54
4,72
4,10
4,36
4,48
4,51
4,65
4,77
4,143
4,166
4,90
4,19
4,309
4,125
4,103
4,18
4,90
4,198
4,164
4,12
4,39
4,29
4,54
4,77
4,82
4,112
4,38
4,43
4,14
4,7
4,34
4,44
4,226
4,141
4,57
4,134
4,21
4,13
4,28
4,85
4,263
4,163
4,37
4,214
4,8
4,42
4,116
4,33
4,54
4,43
4,129
4,114
4,14
4,104
4,52
4,181
4,232
4,204
4,84
4,257
4,90
4,17
4,10
4,61
4,323
4,41
4,38
4,9
4,67
4,270
4,223
4,2
4,97
4,14
4,154
4,112
4,108
4,30
4,35
4,343
4,76
4,147
4,206
4,42
4,87
4,41
4,24
4,108
4,24
4,31
4,66
4,17
4,45
4,233
4,30
4,270
4,92
4,114
4,72
4,87
4,186
4,20
4,93
4,3
4,92
4,214
4,32
4,22
4,21
4,58
4,10
4,74
4,11
4,141
4,104
4,9
4,71
4,59
4,112
4,4
4,90
4,52
4,76
4,80
4,221
4,87
4,17
4,210
4,140
4,14
4,65
4,24
4,10
4,25
4,160
4,49
4,118
4,93
4,179
4,83
4,72
4,123
4,10
4,28
4,380
4,120
4,38
4,51
4,12
4,20
4,201
4,21
4,79
4,5
4,154
4,87
4,96
4,34
4,73
4,30
4,4
4,44
4,85
4,51
4,55
4,18
4,19
4,74
4,10
4,54
4,127
4,236
4,278
4,72
4,19
4,51
4,304
4,62
4,48
4,262
4,26
4,294
4,65
4,35
4,34
4,16
4,43
4,61
4,14
4,142
4,234
4,180
4,216
4,121
4,136
4,299
4,12
4,163
4,96
4,11
4,180
4,63
4,42
4,81
4,9
4,83
4,16
4,75
4,239
4,151
4,15
4,22
4,42
4,90
4,67
4,37
4,17
4,110
4,106
4,11
4,82
4,130
4,137
4,90
4,32
4,29
4,265
4,58
4,80
4,4
4,43
4,112
4,2
4,73
4,143
4,24
4,417
4,64
4,31
4,120
4,89
4,7
4,118
4,63
4,13
4,718
4,43
4,71
4,282
4,46
4,145
4,2
4,104
4,124
4,7
4,29
4,17
4,55
4,24
4,65
4,16
4,7
4,69
4,74
4,131
4,22
4,157
4,10
4,522
4,40
4,250
4,141
4,25
4,39
4,149
4,35
4,69
4,103
4,4
4,22
4,40
4,35
4,96
4,240
4,7
4,92
4,247
4,94
4,17
4,142
4,4
4,38
4,90
4,132
4,159
4,83
4,78
4,26
4,25
4,248
4,15
4,27
4,438
4,12
4,490
4,32
4,85
4,7
4,26
4,11
4,97
4,11
4,95
4,59
4,17
4,17
4,32
4,6
4,44
4,18
4,18
4,14
4,40
4,115
4,60
4,56
4,38
4,32
4,277
4,52
4,42
4,14
4,80
4,115
4,62
4,89
4,231
4,67
4,20
4,89
4,120
4,19
4,20
4,24
4,4
4,60
4,156
4,21
4,9
4,4
4,78
4,146
4,47
4,149
4,39
4,24
4,43
4,120
4,28
4,11
4,338
4,74
4,37
4,226
4,78
4,48
4,7
4,98
4,188
4,485
4,133
4,195
4,850
4,152
4,14
4,322
4,13
4,1
4,56
4,73
4,39
4,519
4,43
4,19
4,91
4,17
4,44
4,127
4,23
4,45
4,2
4,7
4,11
4,40
4,73
4,90
4,108
4,139
4,92
4,139
4,48
4,42
4,105
4,36
4,79
4,71
4,35
4,276
4,141
4,41
4,57
4,242
4,143
4,34
4,79
4,6
4,40
4,19
4,20
4,311
4,14
4,35
4,132
4,64
4,212
4,3
4,52
4,38
4,118
4,214
4,214
4,477
4,15
4,169
4,129
4,109
4,24
4,155
4,97
4,19
4,9
4,3
4,7
4,31
4,246
4,81
4,71
4,38
4,16
4,24
4,37
4,41
4,246
4,47
4,5
4,101
4,54
4,2
4,1
4,81
4,13
4,26
4,117
4,119
4,12
4,11
4,25
4,136
4,91
4,137
4,12
4,73
4,90
4,60
4,13
4,102
4,81
4,450
4,320
4,54
4,178
4,118
4,13
4,30
4,105
4,65
4,66
4,119
4,128
4,774
4,114
4,109
4,38
4,18
4,292
4,83
4,118
4,5
4,166
4,19
4,42
4,91
4,71
4,52
4,40
4,15
4,61
4,123
4,134
4,190
4,133
4,4
4,28
4,10
4,16
4,130
4,10
4,197
4,217
4,6
4,121
4,52
4,38
4,3
4,103
4,103
4,12
4,41
4,111
4,4
4,42
4,38
4,231
4,5
4,185
4,23
4,70
4,47
4,26
4,54
4,60
4,90
4,108
4,505
4,313
4,6
4,32
4,2
4,25
4,18
4,313
4,48
4,95
4,32
4,11
4,16
4,342
4,408
4,148
4,382
4,199
4,21
4,5
4,10
4,121
4,104
4,53
4,139
4,72
4,31
4,35
4,22
4,46
4,270
4,11
4,374
4,24
4,26
4,147
4,64
4,148
4,118
4,51
4,49
4,77
4,64
4,124
4,65
4,111
4,68
4,27
4,114
4,58
4,2
4,158
4,168
4,54
4,36
4,264
4,127
4,50
4,56
4,150
4,270
4,57
4,1
4,10
4,13
4,103
4,17
4,8
4,106
4,60
4,6
4,83
4,23
4,70
4,85
4,8
4,3
4,229
4,178
4,19
4,155
4,181
4,8
4,20
4,65
4,31
4,493
4,6
4,43
4,77
4,74
4,146
4,4
4,224
4,273
4,269
4,106
4,39
4,33
4,203
4,37
4,62
4,93
4,275
4,318
4,312
4,116
4,46
4,448
4,98
4,26
4,77
4,170
4,175
4,3
4,50
4,42
4,3
4,20
4,127
4,138
4,11
4,33
4,3
4,12
4,101
4,100
4,134
4,9
4,272
4,58
4,127
4,33
4,22
4,281
4,21
4,45
4,31
4,133
4,49
4,213
4,21
4,39
4,12
4,18
4,13
4,6
4,160
4,73
4,69
4,92
4,113
4,201
4,125
4,3
4,943
4,110
4,38
4,106
4,72
4,70
4,27
4,170
4,555
4,21
4,20
4,154
4,86
4,211
4,28
4,38
4,99
4,17
4,11
4,196
4,53
4,15
4,502
4,62
4,106
4,206
4,87
4,53
4,59
4,15
4,7
4,8
4,9
4,10
4,104
4,52
4,168
4,143
4,147
4,39
4,100
4,6
4,93
4,257
4,195
4,52
4,230
4,67
4,41
4,124
4,75
4,75
4,22
4,318
4,22
4,46
4,44
4,21
4,255
4,3
4,292
4,14
4,62
4,90
4,2
4,2
4,84
4,111
4,97
4,2
4,35
4,46
4,117
4,290
4,262
4,16
4,2
4,66
4,117
4,42
4,14
4,145
4,389
4,252
4,240
4,170
4,33
4,19
4,25
4,55
4,68
4,44
4,27
4,62
4,137
4,259
4,50
4,27
4,43
4,52
4,212
4,42
4,13
4,20
4,52
4,65
4,39
4,132
4,226
4,301
4,57
4,128
4,13
4,6
4,24
4,287
4,10
4,18
4,159
4,127
4,20
4,17
4,182
4,9
4,36
4,84
4,9
4,474
4,59
4,77
4,149
4,16
4,72
4,141
4,7
4,81
4,98
4,76
4,57
4,110
4,55
4,47
4,57
4,10
4,12
4,328
4,128
4,113
4,28
4,8
4,65
4,304
4,34
4,252
4,28
4,68
4,279
4,131
4,46
4,97
4,138
4,428
4,46
4,48
4,8
4,47
4,201
4,180
4,40
4,3
4,179
4,48
4,10
4,96
4,32
4,149
4,195
4,315
4,42
4,79
4,305
4,111
4,328
4,51
4,68
4,97
4,17
4,45
4,109
4,91
4,192
4,318
4,15
4,24
4,44
4,31
4,276
4,48
4,54
4,53
4,103
4,63
4,101
4,18
4,40
4,58
4,294
4,46
4,143
4,177
4,13
4,88
4,9
4,118
4,248
4,52
4,85
4,86
4,12
4,72
4,113
4,74
4,64
4,109
4,245
4,32
4,204
4,85
4,80
4,59
4,22
4,3
4,462
4,18
4,25
4,219
4,96
4,26
4,239
4,11
4,71
4,26
4,42
4,157
4,140
4,6
4,256
4,27
4,21
4,28
4,120
4,27
4,1469
4,31
4,120
4,212
4,79
4,230
4,18
4,187
4,87
4,62
4,47
4,111
4,257
4,133
4,42
4,15
4,6
4,112
4,130
4,218
4,228
4,32
4,93
4,36
4,11
4,159
4,281
4,27
4,144
4,64
4,155
4,188
4,79
4,303
4,49
4,480
4,558
4,169
4,10
4,154
4,30
4,2
4,531
4,161
4,73
4,11
4,75
4,80
4,138
4,27
4,30
4,227
4,395
4,37
4,52
4,63
4,39
4,28
4,25
4,23
4,150
4,170
4,57
4,24
4,75
4,8
4,201
4,35
4,167
4,43
4,85
4,44
4,37
4,92
4,29
4,357
4,144
4,95
4,22
4,84
4,40
4,8
4,10
4,20
4,168
4,30
4,342
4,219
4,136
4,180
4,11
4,11
4,98
4,173
4,8
4,41
4,129
4,206
4,124
4,67
4,294
4,60
4,396
4,136
4,126
4,59
4,10
4,68
4,107
4,75
4,68
4,172
4,16
4,15
4,106
4,112
4,30
4,85
4,42
4,40
4,189
4,5
4,144
4,18
4,3
4,49
4,107
4,17
4,70
4,48
4,84
4,61
4,62
4,64
4,507
4,352
4,15
4,141
4,3
4,19
4,196
4,26
4,58
4,137
4,48
4,46
4,48
4,448
4,26
4,260
4,201
4,127
4,101
4,63
4,240
4,135
4,230
4,228
4,79
4,1
4,40
4,79
4,181
4,4
4,123
4,99
4,272
4,20
4,338
4,106
4,84
4,38
4,13
4,59
4,45
4,146
4,188
4,55
4,152
4,67
4,113
4,206
4,173
4,103
4,96
4,230
4,54
4,12
4,14
4,284
4,233
4,48
4,39
4,15
4,90
4,79
4,8
4,23
4,11
4,203
4,215
4,56
4,29
4,18
4,214
4,22
4,61
4,51
4,30
4,58
4,18
4,223
4,4
4,140
4,8
4,59
4,68
4,179
4,8
4,156
4,213
4,67
4,91
4,354
4,9
4,187
4,194
4,41
4,140
4,174
4,7
4,30
4,24
4,70
4,101
4,6
4,12
4,32
4,24
4,59
4,167
4,54
4,7
4,6
4,188
4,35
4,225
4,64
4,170
4,51
4,200
4,18
4,22
4,702
4,48
4,21
4,691
4,125
4,69
4,182
4,27
4,186
4,2
4,230
4,169
4,349
4,215
4,18
4,194
4,177
4,26
4,81
4,26
4,39
4,122
4,62
4,94
4,29
4,146
4,72
4,72
4,112
4,36
4,350
4,258
4,186
4,99
4,36
4,93
4,123
4,20
4,152
4,15
4,77
4,13
4,126
4,5
4,155
4,22
4,154
4,232
4,33
4,124
4,132
4,2
4,181
4,9
4,124
4,20
4,4
4,121
4,128
4,180
4,122
4,64
4,84
4,158
4,30
4,124
4,155
4,241
4,134
4,696
4,65
4,95
4,46
4,94
4,42
4,19
4,279
4,24
4,24
4,90
4,162
4,93
4,61
4,252
4,133
4,153
4,51
4,99
4,148
4,23
4,3
4,137
4,97
4,136
4,83
4,40
4,87
4,349
4,126
4,46
4,18
4,3
4,136
4,63
4,5
4,40
4,21
4,37
4,60
4,60
4,58
4,95
4,91
4,5
4,40
4,326
4,257
4,25
4,88
4,256
4,56
4,100
4,58
4,50
4,55
4,76
4,101
4,131
4,209
4,95
4,22
4,240
4,81
4,76
4,6
4,19
4,6
4,49
4,45
4,49
4,4
4,13
4,165
4,26
4,427
4,31
4,169
4,34
4,94
4,7
4,100
4,92
4,142
4,199
4,91
4,8
4,39
4,57
4,698
4,3
4,198
4,8
4,15
4,37
4,32
4,3
4,64
4,519
4,88
4,10
4,376
4,116
4,60
4,5
4,220
4,73
4,53
4,24
4,268
4,45
4,18
4,234
4,47
4,189
4,108
4,71
4,6
4,398
4,22
4,7
4,60
4,546
4,14
4,86
4,127
4,130
4,7
4,67
4,6
4,22
4,16
4,4
4,217
4,133
4,157
4,71
4,89
4,191
4,207
4,46
4,28
4,28
4,107
4,223
4,20
4,242
4,53
4,24
4,48
4,61
4,18
4,49
4,35
4,101
4,63
4,98
4,212
4,3
4,337
4,4
4,49
4,27
4,67
4,417
4,46
4,114
4,83
4,123
4,73
4,152
4,200
4,55
4,27
4,60
4,45
4,150
4,142
4,246
4,65
4,193
4,18
4,47
4,313
4,498
4,354
4,196
4,15
4,266
4,50
4,102
4,504
4,39
4,233
4,10
4,79
4,42
4,16
4,160
4,34
4,15
4,238
4,182
4,11
4,174
4,88
4,36
4,143
4,39
4,21
4,157
4,98
4,253
4,54
4,30
4,22
4,33
4,554
4,84
4,123
4,38
4,210
4,192
4,25
4,23
4,29
4,49
4,23
4,135
4,25
4,87
4,311
4,133
4,30
4,62
4,82
4,8
4,75
4,209
4,55
4,187
5,40
5,16
5,21
5,32
5,40
5,35
5,18
5,36
5,57
5,64
5,75
5,58
5,57
5,86
5,5
5,31
5,19
5,101
5,27
5,22
5,4
5,5
5,21
5,59
5,4
5,73
5,24
5,16
5,34
5,95
5,7
5,24
5,41
5,50
5,32
5,4
5,32
5,6
5,3
5,40
5,16
5,26
5,40
5,76
5,35
5,51
5,19
5,88
5,11
5,2
5,17
5,27
5,48
5,48
5,70
5,7
5,3
5,22
5,133
5,25
5,2
5,24
5,101
5,44
5,8
5,19
5,4
5,24
5,53
5,174
5,85
5,78
5,20
5,4
5,33
5,18
5,65
5,54
5,36
5,137
5,78
5,4
5,53
5,66
5,26
5,65
5,95
5,4
5,20
5,23
5,80
5,20
5,14
5,85
5,53
5,14
5,6
5,27
5,17
5,22
5,8
5,158
5,74
5,45
5,34
5,40
5,33
5,14
5,71
5,43
5,31
5,48
5,11
5,98
5,85
5,147
5,21
5,7
5,18
5,24
5,95
5,122
5,204
5,13
5,26
5,18
5,67
5,51
5,126
5,37
5,55
5,20
5,9
5,176
5,7
5,54
5,11
5,18
5,78
5,13
5,17
5,92
5,43
5,16
5,25
5,63
5,126
5,25
5,25
5,28
5,42
5,16
5,56
5,39
5,34
5,3
5,128
5,89
5,34
5,51
5,15
5,73
5,83
5,72
5,128
5,168
5,18
5,131
5,64
5,35
5,21
5,9
5,37
5,58
5,51
5,31
5,5
5,40
5,221
5,69
5,10
5,17
5,5
5,53
5,92
5,62
5,186
5,4
5,44
5,130
5,106
5,34
5,47
5,124
5,6
5,26
5,73
5,20
5,16
5,52
5,78
5,86
5,10
5,29
5,15
5,105
5,114
5,28
5,18
5,41
5,89
5,89
5,47
5,194
5,15
5,15
5,16
5,8
5,15
5,47
5,4
5,96
5,70
5,94
5,5
5,29
5,3
5,2
5,4
5,6
5,45
5,16
5,76
5,139
5,18
5,46
5,43
5,8
5,34
5,21
5,27
5,28
5,145
5,240
5,23
5,41
5,24
5,28
5,173
5,15
5,66
5,29
5,85
5,84
5,63
5,47
5,5
5,74
5,121
5,38
5,118
5,87
5,20
5,26
5,193
5,106
5,22
5,54
5,86
5,8
5,211
5,51
5,124
5,52
5,67
5,48
5,31
5,150
5,21
5,241
5,20
5,3
5,30
5,6
5,40
5,84
5,64
5,28
5,109
5,30
5,28
5,236
5,44
5,58
5,26
5,113
5,20
5,78
5,160
5,88
5,61
5,41
5,19
5,41
5,14
5,17
5,124
5,57
5,68
5,50
5,40
5,13
5,33
5,111
5,106
5,35
5,36
5,26
5,24
5,40
5,102
5,99
5,83
5,28
5,31
5,40
5,29
5,55
5,33
5,67
5,76
5,25
5,64
5,67
5,112
5,22
5,16
5,7
5,17
5,54
5,59
5,46
5,46
5,31
5,107
5,79
5,18
5,65
5,17
5,137
5,102
5,8
5,6
5,12
5,23
5,9
5,186
5,11
5,27
5,19
5,34
5,21
5,145
5,22
5,66
5,66
5,55
5,18
5,13
5,57
5,32
5,97
5,40
5,79
5,12
5,236
5,58
5,94
5,47
5,74
5,29
5,149
5,187
5,67
5,110
5,12
5,53
5,73
5,59
5,10
5,101
5,42
5,34
5,15
5,51
5,40
5,55
5,11
5,21
5,87
5,26
5,182
5,5
5,59
5,8
5,122
5,50
5,44
5,118
5,75
5,58
5,46
5,21
5,30
5,4
5,20
5,10
5,42
5,7
5,8
5,54
5,42
5,23
5,38
5,15
5,29
5,34
5,14
5,33
5,67
5,11
5,26
5,64
5,50
5,13
5,44
5,23
5,24
5,21
5,16
5,50
5,245
5,4
5,79
5,51
5,13
5,42
5,54
5,38
5,13
5,34
5,33
5,55
5,79
5,40
5,22
5,115
5,11
5,107
5,15
5,34
5,8
5,253
5,43
5,85
5,20
5,24
5,20
5,61
5,54
5,91
5,43
5,69
5,9
5,17
5,35
5,116
5,87
5,9
5,78
5,41
5,28
5,7
5,31
5,30
5,32
5,57
5,112
5,14
5,62
5,64
5,107
5,28
5,8
5,24
5,139
5,35
5,8
5,7
5,4
5,4
5,54
5,18
5,32
5,17
5,15
5,33
5,42
5,71
5,79
5,33
5,70
5,6
5,132
5,44
5,23
5,8
5,102
5,25
5,48
5,15
5,184
5,26
5,72
5,17
5,18
5,35
5,41
5,26
5,29
5,48
5,56
5,11
5,95
5,27
5,25
5,45
5,10
5,9
5,198
5,44
5,14
5,26
5,9
5,52
5,134
5,34
5,31
5,27
5,34
5,25
5,60
5,26
5,36
5,77
5,36
5,13
5,11
5,38
5,7
5,114
5,189
5,14
5,78
5,181
5,23
5,72
5,65
5,15
5,16
5,10
5,67
5,25
5,43
5,77
5,42
5,85
5,16
5,6
5,47
5,11
5,167
5,45
5,18
5,24
5,30
5,64
5,123
5,37
5,44
5,50
5,18
5,60
5,36
5,207
5,4
5,40
5,37
5,51
5,22
5,34
5,22
5,35
5,61
5,97
5,12
5,21
5,78
5,11
5,56
5,58
5,32
5,82
5,53
5,130
5,84
5,36
5,42
5,7
5,24
5,33
5,26
5,50
5,55
5,16
5,37
5,7
5,9
5,25
5,26
5,23
5,8
5,57
5,3
5,23
5,33
5,88
5,26
5,22
5,19
5,32
5,26
5,89
5,31
5,19
5,18
5,111
5,37
5,19
5,164
5,37
5,18
5,4
5,30
5,9
5,140
5,214
5,14
5,17
5,13
5,84
5,27
5,136
5,10
5,6
5,132
5,11
5,47
5,44
5,3
5,16
5,41
5,20
5,80
5,20
5,19
5,137
5,37
5,33
5,82
5,166
5,46
5,29
5,133
5,11
5,64
5,13
5,22
5,9
5,24
5,98
5,26
5,46
5,51
5,18
5,54
5,83
5,24
5,32
5,130
5,14
5,32
5,12
5,2
5,41
5,3
5,100
5,8
5,83
5,31
5,200
5,78
5,48
5,78
5,15
5,69
5,140
5,41
5,112
5,31
5,10
5,204
5,18
5,96
5,32
5,33
5,12
5,36
5,4
5,40
5,28
5,43
5,31
5,35
5,13
5,63
5,48
5,6
5,56
5,55
5,191
5,198
5,5
5,49
5,28
5,14
5,6
5,41
5,8
5,45
5,15
5,19
5,20
5,26
5,14
5,82
5,5
5,63
5,63
5,15
5,54
5,35
5,46
5,76
5,76
5,37
5,20
5,40
5,63
5,84
5,14
5,54
5,67
5,92
5,71
5,59
5,104
5,79
5,30
5,105
5,1
5,53
5,18
5,14
5,23
5,23
5,216
5,42
5,25
5,128
5,33
5,63
5,40
5,27
5,44
5,182
5,36
5,36
5,6
5,45
5,13
5,37
5,13
5,17
5,18
5,28
5,98
5,216
5,143
5,25
5,8
5,22
5,139
5,22
5,62
5,113
5,55
5,90
5,61
5,172
5,34
5,67
5,53
5,52
5,68
5,75
5,11
5,30
5,16
5,59
5,19
5,78
5,194
5,30
5,66
5,41
5,57
5,56
5,5
5,2
5,17
5,14
5,25
5,78
5,26
5,7
5,11
5,23
5,132
5,74
5,68
5,61
5,73
5,66
5,40
5,92
5,17
5,73
5,37
5,12
5,69
5,10
5,105
5,47
5,22
5,60
5,62
5,66
5,22
5,49
5,7
5,132
5,51
5,64
5,111
5,42
5,99
5,4
5,34
5,53
5,9
5,27
5,5
5,12
5,120
5,26
5,29
5,23
5,21
5,22
5,28
5,14
5,170
5,8
5,23
5,51
5,14
5,19
5,24
5,202
5,14
5,31
5,24
5,276
5,20
5,33
5,4
5,24
5,120
5,21
5,88
5,52
5,12
5,16
5,48
5,6
5,29
5,12
5,2
5,35
5,18
5,11
5,304
5,35
5,9
5,9
5,104
5,38
5,34
5,48
5,57
5,61
5,26
5,33
5,23
5,35
5,5
5,17
5,26
5,23
5,28
5,58
5,130
5,11
5,4
5,6
5,76
5,56
5,77
5,36
5,6
5,23
5,7
5,230
5,94
5,9
5,38
5,42
5,5
5,146
5,145
5,59
5,29
5,36
5,20
5,144
5,8
5,35
5,6
5,50
5,42
5,236
5,55
5,137
5,25
5,36
5,44
5,29
5,4
5,10
5,49
5,54
5,254
5,70
5,10
5,282
5,22
5,31
5,34
5,114
5,24
5,64
5,53
5,8
5,8
5,34
5,7
5,82
5,72
5,10
5,11
5,95
5,16
5,42
5,38
5,38
5,122
5,11
5,23
5,135
5,53
5,96
5,34
5,140
5,32
5,80
5,70
5,13
5,5
5,38
5,75
5,37
5,4
5,84
5,20
5,16
5,91
5,8
5,54
5,45
5,12
5,36
5,5
5,28
5,85
5,48
5,15
5,1
5,8
5,28
5,11
5,25
5,47
5,26
5,14
5,25
5,15
5,13
5,3
5,73
5,24
5,160
5,36
5,33
5,20
5,24
5,14
5,12
5,8
5,14
5,15
5,7
5,34
5,23
5,63
5,74
5,28
5,91
5,27
5,31
5,130
5,40
5,76
5,5
5,76
5,12
5,6
5,20
5,170
5,13
5,62
5,45
5,65
5,47
5,4
5,32
5,16
5,89
5,16
5,4
5,103
5,189
5,48
5,204
5,11
5,33
5,246
5,10
5,149
5,35
5,20
5,16
5,129
5,25
5,69
5,18
5,94
5,39
5,34
5,36
5,82
5,12
5,325
5,79
5,46
5,39
5,27
5,18
5,83
5,107
5,53
5,12
5,79
5,80
5,37
5,8
5,24
5,192
5,113
5,28
5,26
5,24
5,15
5,38
5,47
5,108
5,9
5,60
5,56
5,78
5,128
5,288
5,170
5,69
5,162
5,17
5,69
5,49
5,22
5,51
5,34
5,63
5,79
5,15
5,28
5,50
5,67
5,11
5,28
5,15
5,54
5,75
5,23
5,21
5,42
5,45
5,17
5,207
5,37
5,13
5,187
5,82
5,91
5,69
5,84
5,37
5,58
5,53
5,62
5,34
5,192
5,192
5,5
5,10
5,5
5,47
5,13
5,31
5,33
5,30
5,70
5,158
5,46
5,2
5,30
5,37
5,1
5,16
5,275
5,16
5,104
5,8
5,15
5,20
5,6
5,59
5,84
5,34
5,90
5,17
5,42
5,48
5,6
5,228
5,36
5,105
5,11
5,7
5,58
5,11
5,75
5,21
5,166
5,7
5,100
5,58
5,78
5,46
5,25
5,89
5,10
5,15
5,98
5,18
5,45
5,8
5,39
5,41
5,16
5,17
5,13
5,20
5,104
5,23
5,129
5,31
5,13
5,41
5,39
5,22
5,93
5,10
5,28
5,18
5,17
5,35
5,29
5,8
5,38
5,15
5,108
5,24
5,46
5,42
5,289
5,12
5,45
5,31
5,27
5,20
5,113
5,158
5,9
5,65
5,16
5,85
5,29
5,46
5,100
5,15
5,10
5,114
5,62
5,189
5,100
5,30
5,64
5,97
5,10
5,12
5,24
5,24
5,6
5,44
5,30
5,51
5,14
5,100
5,61
5,17
5,41
5,54
5,32
5,74
5,18
5,10
5,89
5,34
5,70
5,57
5,21
5,4
5,92
5,9
5,35
5,70
5,99
5,53
5,37
5,4
5,45
5,19
5,62
5,14
5,68
5,252
5,17
5,34
5,38
5,18
5,39
5,71
5,18
5,30
5,6
5,15
5,28
5,95
5,17
5,17
5,267
5,46
5,17
5,37
5,94
5,9
5,77
5,16
5,8
5,91
5,128
5,2
5,19
5,24
5,82
5,35
5,150
5,11
5,7
5,4
5,28
5,79
5,22
5,7
5,39
5,34
5,25
5,96
5,8
5,78
5,34
5,99
5,23
5,60
5,21
5,7
5,47
5,10
5,9
5,33
5,14
5,2
5,95
5,47
5,54
5,16
5,30
5,18
5,19
5,4
5,118
5,91
5,24
5,106
5,2
5,47
5,16
5,24
5,56
5,42
5,109
5,9
5,47
5,14
5,446
5,30
5,8
5,9
5,83
5,72
5,10
5,37
5,15
5,34
5,54
5,94
5,18
5,31
5,96
5,69
5,39
5,46
5,29
5,30
5,102
5,55
5,28
5,6
5,2
5,12
5,20
5,6
5,38
5,15
5,150
5,30
5,219
5,36
5,42
5,23
5,40
5,29
5,34
5,20
5,33
5,124
5,46
5,56
5,21
5,26
5,40
5,26
5,18
5,37
5,61
5,74
5,4
5,70
5,12
5,156
5,48
5,21
5,39
5,14
5,6
5,12
5,73
5,43
5,77
5,116
5,27
5,17
5,16
5,10
5,2
5,18
5,296
5,51
5,50
5,45
5,59
5,4
5,40
5,63
5,7
5,35
5,79
5,22
5,9
5,70
5,58
5,8
5,10
5,104
5,59
5,34
5,6
5,10
5,43
5,5
5,36
5,40
5,30
5,82
5,69
5,24
5,196
5,6
5,54
5,97
5,56
5,302
5,19
5,36
5,13
5,39
5,55
5,144
5,21
5,9
5,42
5,12
5,10
5,74
5,31
5,15
5,14
5,30
5,40
5,10
5,31
5,13
5,4
5,12
5,96
5,86
5,9
5,44
5,6
5,22
5,5
5,23
5,36
5,7
5,99
5,103
5,62
5,15
5,14
5,92
5,12
5,93
5,35
5,46
5,60
5,61
5,80
5,89
5,134
5,30
5,125
5,110
5,80
5,77
5,46
5,36
5,32
5,7
5,43
5,33
5,8
5,118
5,61
5,28
5,20
5,66
5,22
5,14
5,104
5,48
5,64
5,91
5,80
5,21
5,39
5,11
5,16
5,17
5,16
5,21
5,6
5,20
5,112
5,8
5,24
5,90
5,44
5,269
5,121
5,14
5,27
5,54
5,20
5,15
5,32
5,15
5,17
5,257
5,10
5,39
5,24
5,19
5,57
5,45
5,56
5,31
5,46
5,6
5,22
5,36
5,21
5,22
5,24
5,7
5,194
5,7
5,25
5,51
5,541
5,13
5,96
5,29
5,97
5,15
5,14
5,50
5,25
5,6
5,107
5,25
5,29
5,25
5,36
5,22
5,100
5,122
5,44
5,103
5,44
5,66
5,36
5,23
5,28
5,54
5,22
5,11
5,48
5,49
5,60
5,68
5,130
5,52
5,15
5,46
5,37
5,88
5,18
5,65
5,71
5,18
5,48
5,37
5,10
5,16
5,30
5,51
5,22
5,90
5,9
5,4
5,44
5,22
5,56
5,2
5,44
5,32
5,78
5,49
5,9
5,19
5,91
5,14
5,31
5,53
5,14
5,219
5,121
5,52
5,8
5,3
5,26
5,20
5,112
5,29
5,32
5,50
5,13
5,64
5,53
5,20
5,32
5,24
5,15
5,49
5,70
5,36
5,16
5,129
5,14
5,22
5,4
5,47
5,8
5,72
5,40
5,94
5,29
5,26
5,55
5,21
5,23
5,110
5,44
5,12
5,46
5,20
5,34
5,11
5,4
5,14
5,256
5,28
5,17
5,24
5,2
5,29
5,61
5,17
5,175
5,88
5,60
5,53
5,4
5,132
5,10
5,74
5,64
5,7
5,116
5,13
5,31
5,11
5,149
5,94
5,45
5,23
5,7
5,72
5,25
5,22
5,34
5,20
5,82
5,75
5,32
5,139
5,15
5,54
5,56
5,54
5,3
5,120
5,13
5,25
5,53
5,30
5,17
5,78
5,27
5,153
5,67
5,185
5,56
5,44
5,59
5,3
5,3
5,31
5,70
5,97
5,91
5,4
5,43
5,8
5,31
5,48
5,24
5,30
5,22
5,92
5,48
5,37
5,186
5,30
5,8
5,14
5,12
5,104
5,58
5,12
5,80
5,46
5,101
5,18
5,41
5,6
5,43
5,21
5,52
5,17
5,77
5,30
5,32
5,42
5,34
5,42
5,36
5,32
5,45
5,9
5,10
5,29
5,26
5,37
5,31
5,21
5,31
5,33
5,43
5,46
5,77
5,14
5,32
5,54
5,72
5,37
5,30
5,38
5,110
5,25
5,7
5,516
5,9
5,42
5,62
5,17
5,26
5,98
5,61
5,48
5,94
5,19
5,161
5,78
5,48
5,26
5,56
5,161
5,48
5,22
5,30
5,153
5,107
5,63
5,20
5,48
5,23
5,136
5,27
5,31
5,165
5,4
5,156
5,37
5,10
5,27
5,52
5,92
5,3
5,62
5,7
5,30
5,76
5,165
5,36
5,45
5,48
5,26
5,8
5,83
5,9
5,14
5,43
5,49
5,135
5,132
5,6
5,48
5,9
5,303
5,50
5,49
5,22
5,8
5,17
5,174
5,45
5,138
5,14
5,12
5,4
5,21
5,71
5,30
5,47
5,8
5,42
5,52
5,29
5,39
5,34
5,30
5,40
5,23
5,57
5,14
5,8
5,12
5,126
5,27
5,5
5,46
5,62
5,16
5,12
5,5
5,25
5,30
5,31
5,39
5,9
5,11
5,167
5,70
5,201
5,74
5,37
5,14
5,13
5,9
5,152
5,50
5,5
5,132
5,116
5,16
5,62
5,9
5,54
5,81
5,59
5,62
5,8
5,38
5,14
5,30
5,59
5,40
5,54
5,46
5,8
5,63
5,3
5,90
5,8
5,5
5,35
5,16
5,29
5,36
5,117
5,28
5,26
5,85
5,49
5,76
5,20
5,14
5,39
5,17
5,7
5,9
5,10
5,35
5,34
5,113
5,9
5,13
5,5
5,62
5,5
5,49
5,56
5,30
5,27
5,28
5,6
5,11
5,66
5,15
5,132
5,12
5,20
5,53
5,26
5,122
5,18
5,4
5,6
5,123
5,6
5,57
5,249
5,43
5,73
5,24
5,30
5,22
5,46
5,46
5,36
5,64
5,26
5,9
5,28
5,72
5,17
5,39
5,12
5,53
5,58
5,23
5,55
5,12
5,6
5,17
5,25
5,81
5,31
5,41
5,49
5,19
5,73
5,7
5,53
5,34
5,8
5,47
5,182
5,16
5,46
5,96
5,85
5,25
5,31
5,38
5,42
5,137
5,85
5,59
5,44
5,171
5,31
5,8
5,51
5,50
5,4
5,7
5,37
5,91
5,55
5,42
5,54
5,81
5,101
5,23
5,14
5,56
5,48
5,28
5,4
5,22
5,106
5,13
5,14
5,78
5,4
6,131
6,27
6,335
6,24
6,120
6,42
6,34
6,220
6,117
6,170
6,170
6,242
6,13
6,10
6,4
6,3
6,6
6,130
6,191
6,55
6,2
6,57
6,77
6,53
6,66
6,15
6,51
6,104
6,92
6,2
6,49
6,53
6,64
6,58
6,175
6,21
6,20
6,58
6,26
6,114
6,208
6,99
6,128
6,128
6,84
6,5
6,266
6,2
6,12
6,7
6,44
6,154
6,40
6,38
6,23
6,202
6,198
6,31
6,252
6,139
6,10
6,22
6,43
6,5
6,182
6,17
6,62
6,89
6,72
6,138
6,28
6,90
6,286
6,25
6,145
6,32
6,66
6,149
6,198
6,104
6,5
6,43
6,69
6,95
6,142
6,119
6,17
6,9
6,85
6,299
6,79
6,77
6,50
6,8
6,69
6,112
6,112
6,10
6,87
6,111
6,38
6,197
6,19
6,13
6,135
6,11
6,60
6,38
6,5
6,169
6,41
6,85
6,46
6,36
6,13
6,38
6,170
6,9
6,20
6,24
6,9
6,69
6,57
6,33
6,57
6,14
6,42
6,94
6,16
6,14
6,66
6,115
6,140
6,34
6,30
6,14
6,181
6,27
6,29
6,10
6,73
6,15
6,14
6,395
6,20
6,13
6,30
6,11
6,38
6,6
6,168
6,226
6,97
6,54
6,4
6,54
6,30
6,24
6,129
6,134
6,50
6,32
6,24
6,23
6,197
6,32
6,33
6,20
6,58
6,135
6,7
6,103
6,220
6,56
6,31
6,1
6,77
6,93
6,64
6,258
6,38
6,42
6,207
6,23
6,212
6,66
6,30
6,54
6,29
6,20
6,78
6,86
6,8
6,79
6,108
6,203
6,38
6,60
6,25
6,79
6,56
6,12
6,22
6,23
6,184
6,49
6,104
6,11
6,38
6,6
6,2
6,308
6,13
6,66
6,315
6,18
6,77
6,295
6,79
6,97
6,277
6,96
6,79
6,129
6,29
6,120
6,71
6,226
6,21
6,19
6,97
6,56
6,30
6,68
6,236
6,6
6,2
6,27
6,226
6,8
6,28
6,166
6,10
6,8
6,8
6,10
6,77
6,239
6,116
6,33
6,20
6,12
6,11
6,68
6,39
6,30
6,18
6,17
6,40
6,106
6,396
6,56
6,10
6,50
6,120
6,83
6,143
6,175
6,115
6,115
6,79
6,62
6,72
6,166
6,158
6,18
6,211
6,62
6,11
6,65
6,504
6,5
6,391
6,56
6,30
6,203
6,27
6,56
6,140
6,40
6,49
6,202
6,16
6,10
6,20
6,13
6,157
6,30
6,451
6,23
6,90
6,106
6,37
6,114
6,135
6,72
6,5
6,54
6,163
6,72
6,198
6,10
6,185
6,43
6,41
6,222
6,47
6,12
6,2
6,32
6,63
6,70
6,65
6,10
6,128
6,67
6,190
6,28
6,30
6,67
6,150
6,39
6,128
6,85
6,75
6,23
6,25
6,44
6,101
6,48
6,72
6,52
6,690
6,2
6,57
6,253
6,7
6,75
6,218
6,11
6,198
6,43
6,85
6,125
6,118
6,104
6,28
6,3
6,175
6,143
6,90
6,63
6,92
6,67
6,100
6,114
6,192
6,137
6,88
6,1
6,29
6,124
6,20
6,140
6,91
6,98
6,40
6,10
6,33
6,75
6,78
6,147
6,111
6,39
6,35
6,18
6,137
6,46
6,177
6,12
6,35
6,16
6,111
6,112
6,22
6,40
6,43
6,71
6,30
6,3
6,212
6,13
6,64
6,1116
6,39
6,158
6,226
6,15
6,104
6,76
6,36
6,267
6,35
6,50
6,37
6,32
6,101
6,14
6,14
6,109
6,141
6,55
6,280
6,9
6,65
6,1
6,16
6,343
6,112
6,130
6,118
6,222
6,155
6,94
6,62
6,28
6,97
6,35
6,7
6,90
6,48
6,103
6,123
6,77
6,35
6,16
6,29
6,69
6,24
6,10
6,61
6,193
6,87
6,10
6,80
6,6
6,35
6,112
6,14
6,116
6,70
6,4
6,34
6,33
6,6
6,79
6,181
6,101
6,172
6,501
6,55
6,172
6,126
6,31
6,121
6,150
6,227
6,86
6,15
6,72
6,12
6,365
6,64
6,330
6,10
6,34
6,18
6,83
6,13
6,70
6,65
6,108
6,22
6,149
6,8
6,88
6,198
6,50
6,22
6,188
6,62
6,106
6,62
6,22
6,292
6,24
6,18
6,156
6,33
6,16
6,37
6,2
6,18
6,134
6,75
6,309
6,109
6,83
6,6
6,56
6,172
6,119
6,92
6,6
6,112
6,69
6,63
6,50
6,40
6,22
6,435
6,294
6,8
6,28
6,34
6,15
6,150
6,8
6,47
6,48
6,232
6,94
6,12
6,69
6,20
6,4
6,85
6,64
6,29
6,15
6,122
6,200
6,88
6,99
6,57
6,32
6,23
6,52
6,126
6,319
6,157
6,7
6,12
6,10
6,138
6,166
6,45
6,13
6,332
6,202
6,448
6,3
6,56
6,16
6,13
6,120
6,52
6,121
6,68
6,100
6,256
6,177
6,117
6,66
6,9
6,102
6,27
6,9
6,274
6,10
6,98
6,86
6,60
6,147
6,7
6,366
6,24
6,104
6,47
6,105
6,11
6,24
6,1
6,18
6,178
6,174
6,125
6,162
6,102
6,39
6,65
6,66
6,21
6,25
6,14
6,195
6,22
6,15
6,226
6,24
6,29
6,16
6,6
6,13
6,4
6,47
6,18
6,32
6,122
6,61
6,315
6,39
6,183
6,101
6,14
6,88
6,111
6,46
6,31
6,146
6,3
6,23
6,16
6,8
6,56
6,48
6,150
6,66
6,102
6,24
6,149
6,12
6,115
6,36
6,263
6,19
6,7
6,69
6,71
6,49
6,236
6,71
6,9
6,26
6,52
6,104
6,231
6,215
6,233
6,96
6,150
6,15
6,96
6,74
6,36
6,120
6,89
6,53
6,50
6,213
6,101
6,114
6,149
6,71
6,228
6,25
6,8
6,86
6,48
6,22
6,59
6,10
6,602
6,30
6,154
6,32
6,156
6,282
6,103
6,39
6,23
6,97
6,55
6,60
6,20
6,51
6,17
6,37
6,14
6,11
6,103
6,62
6,110
6,102
6,19
6,29
6,12
6,45
6,85
6,124
6,192
6,44
6,130
6,374
6,116
6,73
6,37
6,45
6,16
6,86
6,17
6,170
6,76
6,50
6,84
6,220
6,13
6,146
6,20
6,24
6,99
6,28
6,123
6,18
6,329
6,381
6,288
6,44
6,80
6,28
6,124
6,20
6,39
6,33
6,14
6,30
6,47
6,43
6,18
6,164
6,12
6,94
6,205
6,5
6,29
6,11
6,140
6,70
6,82
6,134
6,263
6,66
6,58
6,32
6,8
6,116
6,7
6,108
6,16
6,48
6,12
6,30
6,146
6,25
6,384
6,59
6,204
6,17
6,96
6,43
6,106
6,22
6,13
6,82
6,147
6,93
6,36
6,55
6,13
6,3
6,12
6,12
6,39
6,110
6,100
6,11
6,105
6,67
6,11
6,62
6,2
6,29
6,138
6,31
6,26
6,2
6,142
6,79
6,20
6,63
6,36
6,207
6,29
6,39
6,166
6,65
6,114
6,16
6,60
6,20
6,41
6,168
6,141
6,59
6,114
6,44
6,112
6,246
6,90
6,41
6,12
6,56
6,17
6,103
6,13
6,76
6,192
6,152
6,36
6,152
6,13
6,31
6,27
6,14
6,67
6,204
6,95
6,581
6,78
6,165
6,38
6,220
6,176
6,27
6,37
6,23
6,35
6,29
6,20
6,217
6,174
6,90
6,132
6,55
6,325
6,41
6,65
6,271
6,46
6,22
6,403
6,39
6,15
6,7
6,17
6,120
6,68
6,99
6,81
6,73
6,18
6,143
6,62
6,44
6,26
6,291
6,26
6,128
6,96
6,29
6,62
6,55
6,84
6,87
6,241
6,13
6,183
6,4
6,109
6,70
6,17
6,61
6,294
6,72
6,147
6,106
6,557
6,61
6,234
6,57
6,10
6,105
6,25
6,52
6,106
6,10
6,152
6,50
6,35
6,20
6,108
6,263
6,84
6,137
6,29
6,27
6,20
6,226
6,68
6,78
6,12
6,183
6,218
6,258
6,440
6,98
6,164
6,51
6,56
6,14
6,10
6,168
6,9
6,298
6,38
6,109
6,408
6,124
6,68
6,154
6,106
6,8
6,75
6,15
6,179
6,121
6,35
6,9
6,53
6,5
6,140
6,30
6,267
6,256
6,45
6,172
6,65
6,99
6,41
6,16
6,31
6,96
6,128
6,18
6,56
6,30
6,177
6,107
6,3
6,69
6,78
6,32
6,8
6,7
6,13
6,97
6,26
6,122
6,336
6,112
6,180
6,17
6,2
6,129
6,323
6,16
6,54
6,19
6,206
6,54
6,47
6,12
6,96
6,18
6,15
6,337
6,16
6,132
6,47
6,140
6,182
6,326
6,19
6,35
6,33
6,145
6,31
6,53
6,52
6,3
6,53
6,158
6,80
6,38
6,123
6,129
6,25
6,17
6,73
6,36
6,26
6,189
6,50
6,74
6,31
6,26
6,9
6,48
6,173
6,139
6,258
6,151
6,61
6,50
6,352
6,346
6,6
6,56
6,32
6,429
6,323
6,7
6,37
6,292
6,267
6,124
6,155
6,38
6,28
6,9
6,59
6,48
6,36
6,135
6,195
6,333
6,5
6,81
6,5
6,29
6,669
6,242
6,171
6,348
6,75
6,29
6,123
6,120
6,8
6,316
6,99
6,24
6,176
6,103
6,143
6,35
6,4
6,28
6,262
6,98
6,167
6,9
6,21
6,92
6,106
6,1
6,94
6,656
6,67
6,81
6,113
6,275
6,14
6,23
6,55
6,21
6,66
6,46
6,109
6,51
6,29
6,13
6,119
6,66
6,179
6,61
6,48
6,77
6,146
6,239
6,225
6,224
6,327
6,172
6,145
6,6
6,185
6,69
6,121
6,224
6,33
6,89
6,393
6,55
6,21
6,22
6,3
6,4
6,358
6,4
6,9
6,15
6,24
6,175
6,113
6,20
6,85
6,10
6,42
6,160
6,82
6,40
6,154
6,29
6,206
6,64
6,100
6,289
6,26
6,47
6,62
6,27
6,65
6,39
6,136
6,38
6,29
6,122
6,68
6,301
6,29
6,297
6,103
6,23
6,168
6,108
6,136
6,75
6,130
6,226
6,23
6,124
6,6
6,64
6,13
6,413
6,118
6,16
6,63
6,656
6,6
6,42
6,136
6,65
6,172
6,80
6,99
6,56
6,35
6,23
6,15
6,69
6,39
6,142
6,123
6,245
6,65
6,15
6,231
6,127
6,150
6,213
6,33
6,69
6,35
6,352
6,410
6,266
6,66
6,19
6,319
6,139
6,150
6,49
6,81
6,109
6,180
6,280
6,240
6,227
6,88
6,228
6,63
6,168
6,61
6,61
6,69
6,44
6,11
6,51
6,21
6,101
6,56
6,90
6,27
6,11
6,141
6,124
6,45
6,140
6,352
6,79
6,247
6,39
6,298
6,7
6,53
6,19
6,99
6,179
6,149
6,245
6,16
6,55
6,189
6,10
6,33
6,85
6,47
6,23
6,16
6,1648
6,39
6,76
6,25
6,36
6,109
6,54
6,34
6,35
6,242
6,86
6,73
6,5
6,74
6,112
6,678
6,88
6,17
6,29
6,116
6,6
6,72
6,50
6,189
6,16
6,51
6,211
6,136
6,229
6,99
6,65
6,75
6,10
6,13
6,423
6,206
6,57
6,76
6,104
6,106
6,77
6,45
6,3
6,122
6,12
6,171
6,52
6,84
6,4
6,329
6,85
6,35
6,21
6,62
6,8
6,21
6,49
6,45
6,44
6,210
6,245
6,267
6,9
6,56
6,10
6,86
6,15
6,171
6,342
6,63
6,98
6,13
6,16
6,162
6,89
6,53
6,6
6,58
6,4
6,25
6,93
6,73
6,15
6,28
6,172
6,91
6,114
6,67
6,129
6,36
6,57
6,83
6,81
6,86
6,195
6,104
6,9
6,26
6,12
6,84
6,21
6,131
6,103
6,136
6,100
6,25
6,178
6,13
6,64
6,351
6,48
6,49
6,172
6,101
6,127
6,88
6,46
6,4
6,227
6,215
6,101
6,58
6,69
6,319
6,149
6,89
6,49
6,17
6,232
6,5
6,56
6,43
6,8
6,52
6,126
6,61
6,23
6,16
6,61
6,160
6,40
6,47
6,58
6,212
6,117
6,19
6,14
6,19
6,11
6,28
6,26
6,105
6,190
6,39
6,5
6,147
6,15
6,21
6,52
6,62
6,46
6,21
6,77
6,18
6,10
6,46
6,30
6,170
6,47
6,89
6,269
6,20
6,10
6,429
6,45
6,152
6,218
6,204
6,147
6,33
6,148
6,31
6,36
6,12
6,15
6,428
6,115
6,71
6,286
6,43
6,202
6,64
6,3
6,31
6,164
6,77
6,63
6,182
6,140
6,26
6,143
6,68
6,368
6,47
6,63
6,76
6,43
6,30
6,42
6,43
6,203
6,143
6,67
6,25
6,42
6,158
6,707
6,21
6,109
6,116
6,6
6,179
6,23
6,60
6,224
6,54
6,24
6,136
6,49
6,16
6,188
6,207
6,590
6,88
6,132
6,65
6,25
6,391
6,268
6,67
6,32
6,70
6,80
6,89
6,40
6,50
6,9
6,102
6,214
6,430
6,317
6,8
6,35
6,23
6,86
6,11
6,40
6,130
6,528
6,48
6,9
6,13
6,79
6,87
6,71
6,164
6,41
6,95
6,296
6,84
6,22
6,100
6,173
6,80
6,35
6,23
6,23
6,139
6,45
6,12
6,212
6,109
6,34
6,1
6,19
6,42
6,173
6,16
6,21
6,47
6,193
6,11
6,58
6,55
6,5
6,58
6,373
6,53
6,135
6,511
6,88
6,213
6,146
6,32
6,140
6,22
6,248
6,270
6,29
6,59
6,95
6,59
6,158
6,26
6,107
6,37
6,10
6,54
6,61
6,59
6,12
6,126
6,76
6,18
6,77
6,166
6,77
6,111
6,36
6,65
6,63
6,73
6,22
6,96
6,8
6,18
6,88
6,47
6,115
6,50
6,13
6,144
6,102
6,20
6,4
6,104
6,19
6,325
6,20
6,87
6,98
6,30
6,26
6,98
6,103
6,67
6,34
6,91
6,20
6,42
6,33
6,126
6,16
6,352
6,14
6,115
6,71
6,307
6,4
6,116
6,343
6,248
6,220
6,414
6,146
6,40
6,15
6,107
6,11
6,107
6,46
6,51
6,10
6,83
6,28
6,5
6,21
6,57
6,43
6,63
6,31
6,111
6,41
6,36
6,82
6,142
6,202
6,40
6,19
6,49
6,133
6,10
6,64
6,331
6,53
6,175
6,210
6,31
6,299
6,31
6,89
6,106
6,385
6,126
6,141
6,12
6,24
6,18
6,271
6,50
6,152
6,103
6,45
6,30
6,152
6,55
6,99
6,21
6,34
6,10
6,4
6,94
6,32
6,159
6,68
6,25
6,82
6,90
6,24
6,77
6,47
6,414
6,110
6,59
6,81
6,27
6,61
6,109
6,7
6,42
6,33
6,80
6,124
6,52
6,118
6,55
6,9
6,38
6,119
6,2
6,45
6,44
6,67
6,178
6,22
6,145
6,73
6,212
6,7
6,69
6,68
6,57
6,66
6,85
6,9
6,18
6,202
6,74
6,32
6,16
6,50
6,99
6,74
6,21
6,407
6,155
6,526
6,239
6,93
6,36
6,41
6,21
6,114
6,327
6,154
6,188
6,10
6,271
6,900
6,54
6,170
6,115
6,77
6,351
6,69
6,27
6,204
6,274
6,265
6,104
6,63
6,129
6,66
6,15
6,200
6,41
6,236
6,174
6,12
6,126
6,21
6,88
6,110
6,18
6,75
6,13
6,66
6,81
6,13
6,132
6,89
6,54
6,40
6,57
6,30
6,198
6,14
6,602
6,67
6,55
6,147
6,32
6,34
6,56
6,9
6,641
6,67
6,15
6,255
6,72
6,64
6,83
6,28
6,5
6,36
6,34
6,20
6,41
6,179
6,16
6,295
6,99
6,103
6,33
6,295
6,223
6,171
6,57
6,42
6,36
6,215
6,340
6,4
6,152
6,194
6,193
6,8
6,28
6,94
6,374
6,22
6,112
7,14
7,9
7,8
7,40
7,49
7,3
7,9
7,11
7,42
7,2
7,39
7,15
7,9
7,2
7,73
7,9
7,34
7,29
7,22
7,38
7,28
7,28
7,5
7,13
7,9
7,28
7,29
7,30
7,26
7,2
7,7
7,4
7,6
7,6
7,26
7,17
7,21
7,33
7,32
7,13
7,6
7,34
7,8
7,7
7,38
7,57
7,31
7,10
7,26
7,6
7,17
7,10
7,54
7,11
7,46
7,14
7,13
7,6
7,13
7,27
7,18
7,14
7,18
7,9
7,12
7,31
7,17
7,27
7,3
7,20
7,10
7,19
7,8
7,17
7,31
7,7
7,12
7,10
7,22
7,81
7,4
7,14
7,77
7,9
7,18
7,90
7,11
7,23
7,14
7,10
7,17
7,11
7,18
7,12
7,10
7,17
7,36
7,9
7,6
7,8
7,12
7,6
7,2
7,11
7,15
7,23
7,16
7,18
7,7
7,6
7,30
7,6
7,21
7,13
7,9
7,10
7,10
7,25
7,46
7,26
7,28
7,98
7,8
7,31
7,17
7,20
7,27
7,4
7,22
7,12
7,32
7,57
7,11
7,32
7,6
7,8
7,10
7,18
7,15
7,48
7,8
7,16
7,30
7,13
7,15
7,15
7,209
7,16
7,50
7,5
7,4
7,54
7,10
7,36
7,28
7,10
7,16
7,15
7,17
7,24
7,18
7,9
7,19
7,9
7,28
7,9
7,35
7,41
7,5
7,65
7,15
7,18
7,74
7,29
7,28
7,13
7,6
7,15
7,11
7,29
7,33
7,19
7,52
7,3
7,17
7,21
7,28
7,8
7,15
7,35
7,10
7,5
7,15
7,32
7,57
7,12
7,4
7,77
7,22
7,21
7,110
7,6
7,20
7,15
7,8
7,5
7,28
7,14
7,15
7,37
7,6
7,65
7,8
7,28
7,18
7,145
7,27
7,31
7,7
7,44
7,15
7,39
7,30
7,41
7,48
7,7
7,19
7,71
7,25
7,20
7,67
7,41
7,10
7,33
7,35
7,70
7,14
7,10
7,9
7,45
7,8
7,22
7,20
7,54
7,73
7,31
7,12
7,4
7,6
7,29
7,186
7,9
7,26
7,10
7,23
7,83
7,29
7,5
7,26
7,9
7,34
7,9
7,20
7,44
7,23
7,144
7,9
7,51
7,20
7,90
7,17
7,8
7,17
7,29
7,32
7,30
7,15
7,20
7,19
7,26
7,6
7,7
7,14
7,26
7,19
7,73
7,15
7,6
7,8
7,13
7,41
7,12
7,10
7,32
7,13
7,13
7,19
7,19
7,12
7,6
7,22
7,20
7,7
7,15
7,4
7,200
7,27
7,14
7,13
7,30
7,10
7,34
7,6
7,24
7,12
7,20
7,8
7,5
7,30
7,46
7,24
7,4
7,12
7,6
7,8
7,9
7,14
7,29
7,16
7,6
7,16
7,14
7,8
7,2
7,46
7,9
7,14
7,16
7,34
7,49
7,5
7,7
7,5
7,36
7,17
7,8
7,42
7,29
7,26
7,145
7,16
7,10
7,2
7,20
7,22
7,75
7,26
7,20
7,20
7,29
7,16
7,12
7,54
7,28
7,60
7,45
7,16
7,37
7,18
7,15
7,4
7,50
7,28
7,25
7,17
7,30
7,11
7,8
7,38
7,15
7,98
7,151
7,14
7,11
7,12
7,32
7,31
7,14
7,44
7,27
7,8
7,12
7,42
7,15
7,24
7,34
7,78
7,24
7,21
7,12
7,34
7,22
7,42
7,88
7,9
7,46
7,14
7,49
7,15
7,40
7,33
7,14
7,7
7,13
7,22
7,30
7,23
7,44
7,54
7,29
7,6
7,102
7,16
7,58
7,64
7,29
7,9
7,11
7,5
7,7
7,4
7,23
7,12
7,43
7,47
7,8
7,8
7,39
7,2
7,11
7,22
7,8
7,12
7,30
7,26
7,53
7,10
7,32
7,7
7,48
7,14
7,21
7,25
7,34
7,41
7,69
7,52
7,14
7,26
7,23
7,32
7,24
7,28
7,27
7,15
7,50
7,8
7,25
7,2
7,14
7,23
7,4
7,15
7,7
7,10
7,14
7,8
7,32
7,10
7,18
7,40
7,44
7,72
7,95
7,4
7,34
7,4
7,5
7,16
7,17
7,13
7,27
7,41
7,3
7,31
7,12
7,14
7,10
7,14
7,64
7,11
7,10
7,36
7,4
7,35
7,18
7,51
7,31
7,18
7,49
7,30
7,22
7,6
7,11
7,54
7,18
7,18
7,27
7,5
7,24
7,46
7,7
7,10
7,7
7,2
7,24
7,28
7,67
7,11
7,51
7,6
7,10
7,6
7,38
7,13
7,22
7,8
7,22
7,13
7,71
7,33
7,162
7,41
7,20
7,10
7,72
7,7
7,29
7,3
7,59
7,7
7,40
7,25
7,18
7,3
7,4
7,5
7,15
7,81
7,81
7,41
7,65
7,47
7,42
7,13
7,13
7,62
7,7
7,24
7,4
7,18
7,49
7,59
7,45
7,17
7,90
7,47
7,6
7,15
7,46
7,5
7,12
7,33
7,46
7,19
7,5
7,21
7,17
7,3
7,67
7,25
7,27
7,105
7,2
7,8
7,21
7,22
7,21
7,4
7,52
7,5
7,18
7,53
7,25
7,44
7,10
7,13
7,302
7,40
7,48
7,28
7,1
7,19
7,4
7,88
7,6
7,51
7,18
7,17
7,4
7,3
7,21
7,82
7,7
7,71
7,7
7,77
7,32
7,7
7,16
7,46
7,29
7,5
7,25
7,13
7,7
7,12
7,50
7,34
7,31
7,74
7,20
7,20
7,63
7,11
7,23
7,154
7,66
7,33
7,7
7,19
7,19
7,12
7,102
7,17
7,12
7,26
7,4
7,89
7,47
7,7
7,12
7,50
7,30
7,33
7,11
7,21
7,123
7,11
7,16
7,17
7,30
7,12
7,15
7,20
7,59
7,42
7,9
7,207
7,16
7,14
7,29
7,40
7,10
7,11
7,32
7,11
7,35
7,12
7,6
7,11
7,15
7,8
7,31
7,16
7,6
7,9
7,68
7,13
7,26
7,64
7,38
7,9
7,6
7,8
7,26
7,14
7,7
7,16
7,45
7,19
7,2
7,70
7,9
7,9
7,33
7,4
7,23
7,11
7,11
7,20
7,3
7,2
7,14
7,26
7,100
7,9
7,26
7,22
7,33
7,22
7,8
7,24
7,7
7,68
7,6
7,26
7,17
7,11
7,26
7,9
7,20
7,47
7,25
7,43
7,84
7,99
7,43
7,31
7,25
7,37
7,77
7,25
7,16
7,35
7,20
7,22
7,13
7,10
7,31
7,15
7,12
7,13
7,45
7,74
7,80
7,2
7,4
7,9
7,11
7,6
7,42
7,25
7,68
7,76
7,9
7,9
7,13
7,60
7,53
7,45
7,195
7,17
7,7
7,12
7,16
7,7
7,45
7,21
7,61
7,16
7,32
7,9
7,100
7,33
7,62
7,22
7,52
7,8
7,36
7,18
7,74
7,20
7,26
7,6
7,39
7,8
7,27
7,10
7,118
7,23
7,4
7,13
7,17
7,24
7,25
7,40
7,3
7,11
7,31
7,77
7,53
7,45
7,7
7,7
7,36
7,126
7,26
7,8
7,16
7,24
7,27
7,43
7,44
7,31
7,50
7,6
7,24
7,12
7,21
7,15
7,30
7,5
7,79
7,3
7,10
7,24
7,44
7,98
7,13
7,20
7,13
7,152
7,100
7,6
7,18
7,9
7,8
7,23
7,4
7,8
7,14
7,89
7,5
7,31
7,34
7,5
7,14
7,43
7,25
7,11
7,12
7,47
7,34
7,85
7,15
7,28
7,21
7,5
7,27
7,36
7,52
7,17
7,13
7,10
7,238
7,60
7,19
7,23
7,32
7,19
7,48
7,19
7,40
7,25
7,9
7,34
7,9
7,16
7,18
7,36
7,46
7,85
7,28
7,16
7,10
7,3
7,46
7,5
7,16
7,2
7,72
7,31
7,74
7,25
7,13
7,10
7,8
7,10
7,17
7,9
7,14
7,21
7,19
7,24
7,42
7,38
7,10
7,53
7,24
7,50
7,60
7,5
7,44
7,13
7,23
7,13
7,131
7,5
7,16
7,51
7,29
7,12
7,5
7,35
7,12
7,10
7,52
7,13
7,12
7,14
7,10
7,14
7,8
7,7
7,19
7,5
7,25
7,8
7,22
7,3
7,21
7,41
7,34
7,47
7,74
7,21
7,19
7,16
7,20
7,5
7,39
7,94
7,20
7,10
7,1
7,6
7,9
7,208
7,38
7,40
7,33
7,10
7,43
7,4
7,13
7,6
7,22
7,9
7,80
7,25
7,40
7,24
7,60
7,5
7,6
7,55
7,133
7,7
7,15
7,29
7,5
7,36
7,4
7,54
7,4
7,10
7,17
7,10
7,22
7,11
7,17
7,36
7,63
7,4
7,53
7,14
7,12
7,4
7,14
7,10
7,26
7,16
7,52
7,10
7,29
7,12
7,36
7,14
7,29
7,53
7,40
7,15
7,4
7,29
7,143
7,31
7,63
7,95
7,41
7,34
7,19
7,12
7,39
7,37
7,117
7,20
7,19
7,19
7,54
7,21
7,24
7,20
7,35
7,23
7,13
7,21
7,4
7,6
7,17
7,19
7,14
7,4
7,42
7,10
7,93
7,15
7,9
7,27
7,52
7,11
7,7
7,25
7,19
7,16
7,12
7,7
7,18
7,16
7,42
7,10
7,44
7,50
7,53
7,7
7,17
7,13
7,30
7,24
7,57
7,29
7,43
7,14
7,51
7,16
7,3
7,22
7,11
7,42
7,24
7,26
7,2
7,44
7,22
7,43
7,52
7,25
7,30
7,36
7,6
7,5
7,25
7,13
7,86
7,24
7,22
7,7
7,41
7,21
7,71
7,2
7,36
7,5
7,5
7,43
7,3
7,2
7,11
7,4
7,13
7,6
7,18
7,156
7,18
7,16
7,1
7,4
7,182
7,16
7,75
7,10
7,8
7,3
7,18
7,5
7,16
7,67
7,5
7,10
7,5
7,10
7,114
7,6
7,10
7,42
7,24
7,23
7,24
7,31
7,33
7,7
7,30
7,26
7,161
7,7
7,25
7,66
7,17
7,24
7,131
7,14
7,12
7,14
7,88
7,8
7,54
7,26
7,3
7,8
7,10
7,14
7,26
7,3
7,13
7,142
7,3
7,5
7,40
7,10
7,21
7,12
7,33
7,10
7,41
7,10
7,36
7,6
7,42
7,27
7,44
7,19
7,13
7,41
7,15
7,23
7,7
7,10
7,5
7,24
7,15
7,27
7,91
7,9
7,15
7,33
7,9
7,13
7,2
7,17
7,20
7,39
7,19
7,28
7,4
7,2
7,147
7,28
7,21
7,19
7,24
7,11
7,16
7,23
7,11
7,28
7,16
7,2
7,21
7,4
7,4
7,14
7,4
7,68
7,6
7,16
7,38
7,19
7,6
7,25
7,10
7,20
7,72
7,10
7,3
7,10
7,6
7,6
7,34
7,13
7,92
7,13
7,9
7,46
7,82
7,7
7,20
7,30
7,6
7,31
7,4
7,163
7,7
7,5
7,28
7,3
7,28
7,12
7,156
7,49
7,43
7,37
7,11
7,23
7,82
7,47
7,15
7,5
7,12
7,115
7,5
7,31
7,32
7,13
7,58
7,13
7,9
7,21
7,15
7,30
7,9
7,35
7,24
7,66
7,42
7,38
7,2
7,37
7,77
7,9
7,4
7,13
7,22
7,144
7,41
7,357
7,28
7,38
7,28
7,5
7,11
7,63
7,16
7,20
7,28
7,14
7,20
7,7
7,15
7,36
7,71
7,39
7,10
7,32
7,41
7,31
7,35
7,9
7,3
7,6
7,26
7,39
7,7
7,18
7,11
7,15
7,90
7,4
7,27
7,148
7,27
7,17
7,48
7,7
7,68
7,13
7,9
7,6
7,77
7,6
7,18
7,23
7,29
7,75
7,23
7,15
7,33
7,28
7,3
7,20
7,33
7,39
7,13
7,54
7,99
7,17
7,42
7,1
7,9
7,45
7,244
7,67
7,10
7,12
7,7
7,54
7,15
7,37
7,13
7,39
7,8
7,24
7,46
7,32
7,19
7,7
7,16
7,129
7,21
7,41
7,10
7,18
7,10
7,19
7,75
7,11
7,34
7,35
7,26
7,7
7,10
7,21
7,187
7,23
7,50
7,32
7,9
7,3
7,40
7,4
7,5
7,24
7,11
7,6
7,18
7,22
7,23
7,10
7,10
7,2
7,46
7,23
7,56
7,31
7,5
7,10
7,11
7,53
7,14
7,12
7,11
7,28
7,8
7,11
7,48
7,14
7,49
7,5
7,59
7,20
7,223
7,17
7,38
7,16
7,4
7,17
7,16
7,41
7,59
7,152
7,73
7,61
7,3
7,7
7,75
7,16
7,5
7,22
7,17
7,21
7,24
7,9
7,63
7,24
7,9
7,18
7,8
7,4
7,13
7,8
7,14
7,20
7,17
7,4
7,17
7,18
7,55
7,27
7,18
7,38
7,30
7,5
7,30
7,24
7,27
7,10
7,18
7,20
7,8
7,32
7,6
7,20
7,18
7,24
7,41
7,7
7,47
7,69
7,77
7,13
7,21
7,29
7,70
7,38
7,12
7,26
7,41
7,23
7,9
7,23
7,15
7,3
7,29
7,20
7,20
7,32
7,17
7,12
7,20
7,22
7,36
7,19
7,33
7,8
7,35
7,18
7,24
7,2
7,14
7,16
7,6
7,30
7,10
7,18
7,40
7,53
7,58
7,10
7,37
7,123
7,6
7,3
7,32
7,43
7,9
7,16
7,64
7,21
7,9
7,10
7,25
7,35
7,75
7,6
7,24
7,2
7,6
7,79
7,35
7,22
7,32
7,32
7,28
7,25
7,13
7,10
7,8
7,20
7,4
7,9
7,25
7,51
7,17
7,11
7,7
7,43
7,8
7,38
7,18
7,14
7,87
7,316
7,19
7,4
7,24
7,26
7,20
7,8
7,42
7,50
7,7
7,23
7,16
7,9
7,24
7,21
7,42
7,22
7,25
7,26
7,48
7,22
7,164
7,10
7,16
7,11
7,39
7,56
7,8
7,7
7,37
7,5
7,72
7,3
7,62
7,15
7,29
7,43
7,26
7,35
7,25
7,19
7,20
7,40
7,36
7,26
7,12
7,25
7,10
7,15
7,57
7,6
7,17
7,42
7,277
7,69
7,45
7,17
7,57
7,35
7,22
7,3
7,30
7,8
7,8
7,43
7,5
7,24
7,14
7,22
7,4
7,11
7,11
7,9
7,19
7,10
7,20
7,8
7,14
7,18
7,35
7,30
7,17
7,38
7,42
7,18
7,16
7,84
7,73
7,39
7,21
7,30
7,16
7,43
7,8
7,4
7,50
7,8
7,16
7,12
7,4
7,50
7,55
7,9
7,11
7,29
7,41
7,32
7,5
7,72
7,6
7,25
7,4
7,6
7,9
7,27
7,50
7,6
7,6
7,14
7,23
7,8
7,24
7,13
7,130
7,19
7,14
7,56
7,18
7,50
7,48
7,10
7,24
7,71
7,8
7,35
7,16
7,84
7,33
7,70
7,6
7,27
7,68
7,17
7,24
7,9
7,12
7,37
7,11
7,27
7,20
7,13
7,52
7,10
7,1
7,130
7,39
7,5
7,101
7,32
7,88
7,30
7,26
7,53
7,5
7,9
7,5
7,19
7,50
7,40
7,54
7,32
7,11
7,6
7,5
7,4
7,42
7,2
7,32
7,20
7,97
7,12
7,10
7,69
7,21
7,5
7,79
7,56
7,18
7,24
7,7
7,12
7,34
7,5
7,22
7,11
7,5
7,26
7,57
7,9
7,7
7,117
7,21
7,20
7,79
7,29
7,22
7,27
7,32
7,2
7,30
7,12
7,44
7,6
7,2
7,11
7,5
7,7
7,32
7,18
7,6
7,17
7,34
7,26
7,37
7,55
7,35
7,71
7,45
7,13
7,93
7,64
7,21
7,36
7,7
7,12
7,70
7,35
7,35
7,49
7,8
7,45
7,18
7,5
7,40
7,60
7,17
7,15
7,12
7,37
7,41
7,2
7,50
7,8
7,51
7,22
7,25
7,133
7,75
7,4
7,14
7,7
7,107
7,14
7,7
7,15
7,64
7,48
7,15
7,12
7,41
7,6
7,19
7,36
7,22
7,8
7,19
7,32
7,16
7,18
7,2
7,4
7,20
7,3
7,4
7,20
7,31
7,12
7,29
7,16
7,39
7,188
7,29
7,14
7,19
7,14
7,26
7,31
7,159
7,15
7,167
7,71
7,36
7,18
7,18
7,12
7,38
7,28
7,7
7,4
7,10
7,29
7,17
7,40
7,13
7,14
7,18
7,27
7,27
7,19
7,189
7,8
7,15
7,27
7,6
7,8
7,10
7,52
7,7
7,147
7,50
7,31
7,66
7,65
7,58
7,9
7,27
7,6
7,47
7,13
7,9
7,21
7,7
7,27
7,52
7,25
7,20
7,6
7,37
7,35
7,68
7,54
7,9
7,9
7,94
7,26
7,151
7,32
7,8
7,76
7,36
7,3
7,24
7,30
7,26
7,20
7,14
7,32
7,21
7,14
7,44
7,11
7,11
7,10
7,36
7,12
7,16
7,47
7,98
7,32
7,93
7,66
7,49
7,44
7,18
7,57
7,13
7,44
7,14
7,26
7,5
7,21
7,7
7,81
7,31
7,17
7,21
7,10
7,16
7,5
7,37
7,22
7,14
7,77
7,19
7,10
7,40
7,23
7,46
7,10
7,9
7,5
7,47
7,8
7,2
7,65
7,31
7,8
7,23
7,8
7,39
7,32
7,10
7,47
7,16
7,100
7,13
7,58
7,12
7,37
7,21
7,22
7,9
7,16
7,25
7,6
7,3
7,2
7,5
7,25
7,34
7,38
7,43
7,20
7,31
7,65
7,18
7,8
7,14
7,9
7,22
7,5
7,7
7,32
7,22
7,2
7,17
7,20
7,32
7,79
7,40
7,6
7,81
7,5
7,3
7,19
7,17
7,10
7,3
7,6
7,6
7,45
7,9
7,9
7,42
7,56
7,40
7,106
7,16
7,62
7,17
7,27
7,2
7,51
7,14
7,37
7,40
7,42
7,54
7,26
7,41
7,96
7,16
7,112
7,88
7,59
7,54
7,18
7,11
7,61
7,12
7,37
7,18
7,34
7,45
7,94
7,57
7,16
7,24
7,13
7,59
7,23
7,29
7,33
7,12
7,80
7,8
7,7
7,41
7,16
7,83
7,56
7,43
7,53
7,221
7,35
7,47
7,30
7,27
7,17
7,13
7,74
7,21
7,18
7,69
7,7
7,6
7,8
7,12
7,26
7,33
7,17
7,25
7,38
7,2
7,28
7,53
7,193
7,25
7,19
7,49
7,12
7,10
7,27
7,17
7,3
7,27
7,26
7,17
7,30
7,85
7,37
7,68
7,16
7,311
7,27
7,10
7,8
7,29
7,7
7,37
7,57
7,36
7,86
7,33
7,31
7,25
7,30
7,36
7,14
7,19
7,12
7,40
7,20
7,28
7,2
7,12
7,1
7,41
7,59
7,8
7,5
7,81
7,49
7,40
7,13
7,188
7,106
7,23
7,2
7,62
7,43
7,67
7,24
7,9
7,41
7,21
7,16
7,22
7,13
7,43
7,33
7,15
7,28
7,15
7,65
7,17
7,13
7,28
7,6
7,8
7,12
7,9
7,9
7,4
7,43
7,13
7,66
7,21
7,17
7,46
7,19
7,22
7,56
7,49
7,16
7,7
7,30
7,21
7,39
7,8
7,108
7,48
7,31
7,39
7,69
7,15
7,114
7,4
7,30
7,39
7,36
7,221
7,61
7,8
7,18
7,18
7,6
7,82
7,45
7,43
7,36
7,98
7,125
7,95
7,46
7,36
7,20
7,27
7,24
7,67
7,6
7,52
7,11
7,31
7,22
7,32
7,73
7,40
7,30
7,57
7,4
7,36
7,3
7,15
7,41
7,10
7,34
7,42
7,17
7,39
7,33
7,12
7,5
7,29
7,41
7,82
7,17
7,20
7,34
7,36
7,5
7,67
7,48
7,140
7,50
7,37
7,8
7,38
7,18
7,159
7,8
7,29
7,20
7,24
7,58
7,20
7,16
7,22
7,17
7,6
7,40
7,98
7,30
7,18
7,6
7,16
7,35
7,253
7,42
7,15
7,61
7,55
7,32
7,35
7,47
7,12
7,5
7,12
7,22
7,17
7,134
7,21
7,25
7,26
7,38
7,52
7,18
7,7
7,34
7,23
7,210
7,18
7,13
7,8
7,90
7,28
7,30
7,27
7,11
7,17
7,12
8,217
8,32
8,44
8,17
8,89
8,18
8,23
8,27
8,6
8,3
8,230
8,9
8,42
8,97
8,20
8,200
8,118
8,8
8,6
8,97
8,26
8,35
8,60
8,16
8,22
8,39
8,18
8,32
8,5
8,136
8,26
8,49
8,2
8,78
8,21
8,18
8,189
8,5
8,78
8,6
8,10
8,10
8,43
8,54
8,45
8,12
8,26
8,4
8,60
8,143
8,36
8,111
8,246
8,19
8,90
8,28
8,46
8,25
8,12
8,62
8,15
8,6
8,33
8,60
8,104
8,214
8,54
8,13
8,71
8,31
8,14
8,69
8,12
8,56
8,78
8,21
8,60
8,179
8,49
8,44
8,10
8,97
8,48
8,30
8,64
8,23
8,43
8,47
8,61
8,11
8,29
8,24
8,28
8,51
8,12
8,32
8,115
8,69
8,53
8,61
8,40
8,5
8,35
8,87
8,48
8,128
8,22
8,19
8,1
8,64
8,4
8,45
8,7
8,28
8,178
8,90
8,179
8,38
8,40
8,66
8,51
8,145
8,91
8,54
8,5
8,86
8,65
8,48
8,96
8,42
8,74
8,20
8,244
8,4
8,26
8,38
8,231
8,20
8,11
8,19
8,34
8,24
8,40
8,79
8,144
8,13
8,5
8,21
8,29
8,28
8,6
8,3
8,23
8,59
8,15
8,4
8,62
8,13
8,50
8,30
8,38
8,114
8,10
8,64
8,94
8,162
8,25
8,158
8,32
8,21
8,22
8,34
8,40
8,11
8,93
8,50
8,76
8,55
8,10
8,50
8,13
8,36
8,40
8,267
8,46
8,108
8,262
8,43
8,14
8,12
8,292
8,21
8,39
8,9
8,150
8,23
8,74
8,56
8,16
8,10
8,114
8,134
8,36
8,174
8,277
8,91
8,10
8,118
8,38
8,14
8,40
8,24
8,125
8,113
8,30
8,13
8,21
8,18
8,24
8,47
8,48
8,219
8,120
8,129
8,7
8,162
8,40
8,17
8,14
8,60
8,33
8,9
8,33
8,72
8,44
8,14
8,82
8,11
8,50
8,76
8,175
8,134
8,196
8,63
8,154
8,486
8,50
8,15
8,64
8,62
8,94
8,39
8,52
8,7
8,4
8,192
8,148
8,19
8,75
8,40
8,38
8,86
8,18
8,43
8,38
8,8
8,289
8,100
8,31
8,225
8,33
8,41
8,26
8,175
8,117
8,60
8,43
8,15
8,65
8,22
8,60
8,98
8,44
8,71
8,13
8,4
8,142
8,149
8,102
8,36
8,41
8,91
8,222
8,47
8,2
8,15
8,9
8,302
8,261
8,44
8,61
8,25
8,26
8,54
8,20
8,33
8,9
8,51
8,53
8,32
8,259
8,117
8,153
8,44
8,53
8,23
8,32
8,53
8,24
8,33
8,215
8,54
8,16
8,62
8,10
8,278
8,86
8,14
8,124
8,128
8,76
8,30
8,15
8,15
8,123
8,318
8,8
8,2
8,27
8,50
8,34
8,26
8,52
8,10
8,52
8,23
8,6
8,21
8,46
8,72
8,201
8,5
8,23
8,112
8,50
8,98
8,33
8,21
8,67
8,61
8,22
8,249
8,37
8,23
8,21
8,63
8,61
8,118
8,46
8,16
8,56
8,62
8,52
8,8
8,33
8,63
8,7
8,64
8,8
8,10
8,39
8,21
8,31
8,104
8,43
8,10
8,123
8,96
8,49
8,3
8,16
8,97
8,29
8,31
8,13
8,10
8,180
8,12
8,53
8,13
8,18
8,43
8,8
8,73
8,121
8,67
8,93
8,120
8,164
8,18
8,80
8,197
8,55
8,42
8,29
8,82
8,63
8,13
8,62
8,88
8,56
8,34
8,41
8,6
8,93
8,63
8,15
8,10
8,15
8,79
8,81
8,441
8,37
8,121
8,1
8,177
8,10
8,94
8,16
8,86
8,169
8,51
8,21
8,12
8,42
8,32
8,49
8,13
8,30
8,18
8,19
8,28
8,3
8,276
8,31
8,61
8,16
8,20
8,8
8,82
8,23
8,96
8,26
8,331
8,4
8,44
8,23
8,33
8,185
8,76
8,103
8,391
8,58
8,38
8,15
8,136
8,88
8,22
8,177
8,10
8,109
8,66
8,61
8,25
8,36
8,38
8,20
8,115
8,14
8,20
8,54
8,20
8,47
8,100
8,48
8,6
8,33
8,59
8,20
8,44
8,104
8,120
8,318
8,51
8,169
8,67
8,79
8,327
8,81
8,39
8,45
8,81
8,339
8,183
8,29
8,105
8,13
8,156
8,32
8,22
8,2
8,63
8,8
8,14
8,13
8,110
8,147
8,56
8,69
8,18
8,86
8,12
8,36
8,18
8,90
8,46
8,6
8,253
8,89
8,23
8,12
8,30
8,222
8,15
8,97
8,19
8,55
8,218
8,79
8,24
8,193
8,19
8,10
8,11
8,26
8,9
8,14
8,188
8,49
8,68
8,9
8,102
8,16
8,104
8,11
8,51
8,12
8,55
8,91
8,48
8,70
8,25
8,6
8,52
8,20
8,22
8,108
8,12
8,68
8,57
8,104
8,92
8,23
8,52
8,10
8,3
8,52
8,42
8,31
8,102
8,17
8,62
8,104
8,20
8,146
8,84
8,16
8,43
8,15
8,97
8,21
8,14
8,158
8,18
8,65
8,36
8,53
8,136
8,28
8,58
8,126
8,24
8,178
8,72
8,7
8,43
8,162
8,87
8,89
8,54
8,46
8,162
8,14
8,106
8,52
8,11
8,18
8,100
8,12
8,3
8,25
8,8
8,40
8,153
8,10
8,46
8,66
8,32
8,4
8,36
8,111
8,110
8,85
8,79
8,38
8,49
8,26
8,12
8,5
8,17
8,20
8,142
8,172
8,24
8,27
8,30
8,7
8,86
8,21
8,27
8,21
8,176
8,89
8,49
8,15
8,21
8,12
8,44
8,10
8,41
8,71
8,42
8,11
8,98
8,35
8,8
8,44
8,13
8,16
8,56
8,138
8,10
8,4
8,26
8,24
8,27
8,32
8,39
8,44
8,60
8,22
8,207
8,3
8,73
8,64
8,140
8,38
8,36
8,126
8,174
8,19
8,17
8,26
8,16
8,2
8,56
8,35
8,54
8,12
8,9
8,2
8,68
8,82
8,8
8,51
8,7
8,70
8,33
8,8
8,29
8,17
8,12
8,31
8,26
8,32
8,61
8,29
8,11
8,20
8,14
8,142
8,528
8,22
8,74
8,2
8,36
8,30
8,8
8,2
8,63
8,47
8,152
8,12
8,68
8,24
8,10
8,141
8,265
8,9
8,184
8,156
8,22
8,30
8,110
8,180
8,35
8,95
8,11
8,21
8,11
8,16
8,80
8,75
8,194
8,32
8,66
8,12
8,64
8,10
8,23
8,7
8,12
8,29
8,66
8,60
8,1
8,147
8,3
8,22
8,135
8,12
8,20
8,70
8,12
8,5
8,238
8,7
8,36
8,2
8,27
8,170
8,81
8,94
8,89
8,219
8,45
8,112
8,16
8,182
8,72
8,22
8,166
8,78
8,119
8,140
8,17
8,165
8,38
8,96
8,3
8,74
8,42
8,19
8,84
8,100
8,22
8,32
8,28
8,27
8,62
8,12
8,55
8,289
8,4
8,64
8,10
8,39
8,6
8,62
8,48
8,58
8,52
8,149
8,58
8,74
8,3
8,64
8,48
8,10
8,171
8,33
8,12
8,2
8,15
8,37
8,527
8,184
8,5
8,56
8,105
8,32
8,58
8,13
8,16
8,16
8,6
8,22
8,99
8,10
8,43
8,64
8,20
8,57
8,139
8,10
8,39
8,27
8,110
8,5
8,107
8,99
8,62
8,110
8,143
8,149
8,18
8,39
8,66
8,7
8,8
8,67
8,24
8,45
8,113
8,4
8,45
8,31
8,3
8,63
8,4
8,25
8,11
8,62
8,84
8,24
8,18
8,94
8,10
8,210
8,8
8,24
8,34
8,35
8,73
8,4
8,30
8,69
8,22
8,45
8,24
8,46
8,36
8,29
8,76
8,10
8,19
8,159
8,55
8,330
8,10
8,42
8,10
8,62
8,2
8,9
8,20
8,198
8,5
8,35
8,22
8,2
8,8
8,3
8,124
8,26
8,37
8,77
8,110
8,30
8,183
8,123
8,67
8,101
8,62
8,14
8,14
8,3
8,59
8,91
8,12
8,26
8,12
8,201
8,17
8,125
8,140
8,31
8,22
8,76
8,225
8,91
8,14
8,6
8,34
8,33
8,21
8,42
8,141
8,144
8,4
8,174
8,16
8,3
8,80
8,49
8,152
8,34
8,45
8,46
8,25
8,31
8,7
8,8
8,76
8,45
8,15
8,8
8,50
8,116
8,55
8,41
8,336
8,85
8,22
8,5
8,23
8,57
8,173
8,18
8,33
8,106
8,9
8,28
8,24
8,201
8,114
8,55
8,19
8,40
8,34
8,23
8,68
8,27
8,13
8,57
8,24
8,35
8,14
8,128
8,13
8,56
8,57
8,26
8,51
8,8
8,21
8,15
8,19
8,213
8,7
8,271
8,16
8,130
8,53
8,58
8,164
8,102
8,8
8,29
8,17
8,5
8,44
8,32
8,41
8,33
8,36
8,10
8,24
8,31
8,127
8,35
8,36
8,338
8,2
8,12
8,2
8,50
8,6
8,15
8,81
8,14
8,89
8,20
8,7
8,97
8,29
8,71
8,79
8,11
8,82
8,13
8,34
8,218
8,6
8,3
8,224
8,34
8,12
8,35
8,34
8,42
8,20
8,46
8,130
8,16
8,109
8,103
8,27
8,26
8,21
8,125
8,4
8,57
8,95
8,63
8,14
8,70
8,92
8,14
8,156
8,106
8,16
8,38
8,12
8,43
8,18
8,14
8,96
8,21
8,4
8,88
8,53
8,18
8,30
8,173
8,12
8,38
8,2
8,54
8,706
8,4
8,22
8,10
8,39
8,6
8,18
8,46
8,169
8,5
8,151
8,38
8,5
8,11
8,89
8,31
8,40
8,262
8,6
8,26
8,25
8,122
8,25
8,5
8,106
8,10
8,136
8,19
8,236
8,68
8,13
8,66
8,89
8,20
8,29
8,12
8,8
8,97
8,22
8,12
8,18
8,28
8,40
8,8
8,14
8,100
8,30
8,109
8,8
8,116
8,4
8,18
8,27
8,51
8,66
8,19
8,15
8,11
8,238
8,180
8,45
8,70
8,27
8,7
8,16
8,22
8,4
8,10
8,19
8,12
8,67
8,10
8,15
8,7
8,26
8,7
8,174
8,296
8,20
8,77
8,11
8,12
8,65
8,71
8,14
8,44
8,10
8,20
8,73
8,32
8,41
8,41
8,76
8,29
8,82
8,42
8,14
8,63
8,18
8,92
8,10
8,12
8,106
8,132
8,12
8,69
8,20
8,200
8,11
8,21
8,165
8,96
8,12
8,22
8,76
8,2
8,57
8,16
8,57
8,54
8,109
8,60
8,35
8,111
8,13
8,10
8,81
8,124
8,78
8,32
8,115
8,65
8,51
8,18
8,47
8,22
8,60
8,65
8,38
8,203
8,29
8,16
8,102
8,239
8,11
8,29
8,116
8,8
8,19
8,195
8,95
8,105
8,10
8,84
8,77
8,166
8,10
8,38
8,45
8,4
8,155
8,48
8,43
8,155
8,11
8,49
8,29
8,125
8,63
8,65
8,140
8,33
8,5
8,22
8,34
8,8
8,9
8,238
8,32
8,33
8,78
8,110
8,57
8,15
8,12
8,158
8,62
8,22
8,34
8,26
8,270
8,63
8,160
8,10
8,12
8,16
8,79
8,78
8,94
8,37
8,23
8,35
8,73
8,61
8,11
8,18
8,64
8,22
8,55
8,51
8,13
8,50
8,15
8,32
8,16
8,180
8,27
8,51
8,35
8,10
8,12
8,33
8,130
8,13
8,188
8,75
8,56
8,47
8,8
8,29
8,30
8,25
8,25
8,29
8,28
8,43
8,43
8,179
8,212
8,30
8,26
8,14
8,66
8,76
8,170
8,12
8,12
8,59
8,129
8,27
8,37
8,172
8,110
8,194
8,88
8,12
8,14
8,1
8,20
8,37
8,8
8,22
8,74
8,31
8,98
8,21
8,42
8,86
8,14
8,298
8,16
8,5
8,123
8,32
8,12
8,169
8,128
8,30
8,5
8,165
8,23
8,51
8,24
8,14
8,15
8,8
8,15
8,8
8,22
8,10
8,14
8,125
8,5
8,14
8,3
8,21
8,94
8,15
8,31
8,26
8,21
8,26
8,9
8,33
8,236
8,226
8,23
8,26
8,45
8,24
8,9
8,9
8,15
8,35
8,37
8,7
8,192
8,22
8,22
8,85
8,23
8,17
8,42
8,69
8,52
8,34
8,24
8,23
8,19
8,97
8,93
8,84
8,53
8,6
8,24
8,12
8,10
8,82
8,44
8,16
8,22
8,30
8,48
8,14
8,174
8,77
8,12
8,21
8,40
8,37
8,161
8,13
8,349
8,169
8,57
8,39
8,16
8,26
8,40
8,14
8,22
8,16
8,20
8,11
8,138
8,39
8,24
8,21
8,104
8,275
8,72
8,23
8,8
8,7
8,18
8,168
8,22
8,33
8,13
8,32
8,9
8,33
8,148
8,81
8,56
8,9
8,21
8,22
8,10
8,27
8,26
8,196
8,4
8,9
8,2
8,19
8,20
8,169
8,56
8,52
8,21
8,78
8,19
8,28
8,8
8,26
8,37
8,256
8,48
8,39
8,15
8,120
8,10
8,58
8,10
8,8
8,126
8,118
8,180
8,26
8,147
8,55
8,31
8,5
8,90
8,140
8,163
8,12
8,15
8,14
8,8
8,65
8,58
8,1
8,45
8,10
8,42
8,17
8,21
8,15
8,11
8,70
8,16
8,21
8,14
8,30
8,10
8,12
8,8
8,16
8,52
8,36
8,43
8,16
8,8
8,6
8,16
8,42
8,23
8,11
8,104
8,73
8,113
8,53
8,74
8,8
8,120
8,16
8,12
8,67
8,10
8,168
8,25
8,29
8,20
8,4
8,16
8,75
8,9
8,20
8,32
8,53
8,196
8,10
8,5
8,22
8,50
8,33
8,115
8,24
8,6
8,37
8,10
8,16
8,10
8,113
8,2
8,33
8,53
8,11
8,290
8,214
8,68
8,7
8,60
8,63
8,27
8,17
8,8
8,16
8,12
8,234
8,19
8,12
8,12
8,48
8,10
8,38
8,88
8,13
8,46
8,23
8,68
8,112
8,50
8,41
8,23
8,54
8,89
8,31
8,46
8,19
8,63
8,14
8,104
8,24
8,17
8,150
8,85
8,135
8,88
8,41
8,36
8,32
8,4
8,42
8,281
8,7
8,44
8,39
8,16
8,112
8,10
8,19
8,53
8,35
8,11
8,116
8,43
8,9
8,188
8,22
8,93
8,42
8,16
8,152
8,14
8,4
8,72
8,5
8,47
8,38
8,15
8,53
8,27
8,29
8,92
8,11
8,8
8,9
8,125
8,23
8,9
8,26
8,17
8,17
8,77
8,255
8,4
8,2
8,120
8,65
8,26
8,200
8,156
8,94
8,14
8,97
8,73
8,26
8,20
8,14
8,21
8,56
8,47
8,27
8,18
8,47
8,229
8,12
8,188
8,81
8,6
8,6
8,71
8,12
8,89
8,8
8,92
8,48
8,60
8,239
8,51
8,65
8,1
8,105
8,7
8,56
8,17
8,59
8,26
8,11
8,14
8,7
8,54
8,69
8,141
8,25
8,20
8,24
8,66
8,42
8,20
8,25
8,15
8,107
8,12
8,35
8,29
8,78
8,138
8,26
8,17
8,30
8,16
8,6
8,8
8,28
8,10
8,35
8,14
8,118
8,47
8,76
8,78
8,35
8,30
8,29
8,22
8,22
8,21
8,154
8,48
8,38
8,15
8,33
8,29
8,13
8,53
8,49
8,84
8,20
8,5
8,143
8,82
8,17
8,17
8,21
8,17
8,26
8,12
8,53
8,114
8,219
8,39
8,56
8,188
8,96
8,16
8,66
8,24
8,237
8,19
8,23
8,38
8,59
8,8
8,85
8,25
8,18
8,83
8,88
8,4
8,96
8,37
8,18
8,10
8,6
8,70
8,167
8,218
8,20
8,28
8,49
8,30
8,14
8,68
8,76
8,44
8,17
8,19
8,9
8,36
8,109
8,26
8,17
8,60
8,18
8,22
8,25
8,36
8,94
8,75
8,8
8,14
8,56
8,24
8,17
8,28
8,38
8,40
8,73
8,16
8,15
8,80
8,10
8,5
8,73
8,13
8,19
8,23
8,15
8,19
8,58
8,29
8,22
8,23
8,33
8,11
8,25
8,22
8,154
8,13
8,32
8,4
8,59
8,16
8,65
8,38
8,45
8,15
8,88
8,13
8,16
8,184
8,17
8,57
8,34
8,5
8,63
8,266
8,25
8,14
8,15
8,74
8,88
8,89
8,35
8,12
8,44
8,40
8,7
8,19
8,51
8,19
8,62
8,7
8,13
8,16
8,44
8,24
8,5
8,79
8,27
8,143
8,25
8,32
8,32
8,27
8,181
8,31
8,3
8,28
8,95
8,33
8,23
8,8
8,122
8,12
8,82
8,40
8,6
8,64
8,40
8,27
8,2
8,6
8,56
8,7
8,20
8,57
8,36
8,72
8,72
8,85
8,17
8,67
8,230
8,22
8,67
8,227
8,28
8,26
8,12
8,20
8,7
8,27
8,70
8,23
8,164
8,8
8,13
8,17
8,12
8,18
8,16
8,32
8,12
8,58
8,187
8,5
8,5
8,8
8,24
8,47
8,10
8,57
8,82
8,20
8,64
8,1
8,63
8,35
8,11
8,38
8,5
8,15
8,60
8,148
8,52
8,50
8,33
8,25
8,23
8,42
8,4
8,5
8,23
8,16
8,12
8,191
8,42
8,22
8,221
8,49
8,23
8,54
8,74
8,118
8,18
8,31
8,5
8,2
8,132
8,30
8,74
8,27
8,87
8,28
8,34
8,76
8,13
8,87
8,47
8,63
8,11
8,117
8,22
8,38
8,6
8,101
8,19
8,19
8,25
8,40
8,72
8,88
8,37
8,64
8,16
8,64
8,3
8,22
8,14
8,10
8,48
8,5
8,30
8,5
8,62
8,92
8,61
8,134
8,182
8,36
8,20
8,264
8,41
8,121
8,51
8,127
8,102
8,9
8,7
8,113
8,21
8,54
8,94
8,9
8,27
8,4
8,63
8,25
8,40
8,11
8,24
8,233
8,8
8,151
8,78
8,20
8,114
8,33
8,45
8,65
8,22
8,88
8,22
8,7
8,71
8,12
8,18
8,16
8,24
8,144
8,104
8,15
8,11
8,10
8,69
8,8
8,8
8,18
8,15
8,159
8,41
8,103
8,2
8,16
8,31
8,22
8,82
8,2
8,8
8,17
8,105
8,6
8,10
8,8
8,53
8,27
8,50
8,10
8,56
8,46
8,120
8,14
8,32
8,29
8,66
8,110
8,78
8,23
8,4
8,26
8,41
8,36
8,112
8,32
8,42
8,8
8,74
8,10
8,11
8,83
8,12
8,37
8,42
8,56
8,30
8,6
8,92
8,5
8,16
8,4
8,31
8,93
8,6
8,20
8,48
8,54
8,44
8,17
8,139
8,39
8,57
8,103
8,74
8,23
8,12
8,11
8,17
8,137
8,10
8,65
8,68
8,93
8,122
8,93
8,89
8,32
8,48
8,26
8,12
8,25
8,10
8,11
8,86
8,27
8,23
8,38
8,27
8,35
8,58
8,65
8,17
8,47
8,32
8,11
8,4
8,22
8,9
8,30
8,25
8,30
8,59
8,24
8,17
8,89
8,26
8,275
8,219
8,63
8,11
8,46
8,26
8,269
8,45
8,29
8,57
8,28
8,34
8,63
8,24
8,30
8,8
8,35
8,22
8,6
8,6
8,89
8,140
8,30
8,104
8,127
8,23
8,16
8,90
8,51
8,301
8,5
8,35
8,67
8,170
8,31
8,20
8,15
8,39
8,106
8,91
8,13
8,13
8,114
8,12
8,12
8,27
8,13
8,3
8,104
8,69
8,43
8,10
8,51
8,5
8,74
8,65
8,22
8,60
8,13
8,6
8,8
8,9
8,27
8,375
8,48
8,71
8,18
8,12
8,37
8,3
8,6
8,39
8,19
8,39
8,50
8,211
8,30
8,36
8,29
8,25
8,30
8,24
8,25
8,139
8,18
8,20
8,80
8,48
8,21
8,50
8,80
8,18
8,32
8,66
8,20
8,42
8,38
8,157
8,15
8,76
8,34
8,20
8,69
8,35
8,81
8,5
8,50
8,18
8,64
8,76
8,22
8,5
8,12
8,122
8,22
8,68
8,38
8,142
8,100
8,66
8,38
8,117
8,53
8,31
8,68
8,24
8,51
8,5
8,80
8,47
8,55
8,51
8,44
8,22
8,86
8,17
8,78
8,6
8,30
8,67
8,26
8,10
8,21
8,6
8,80
8,38
8,10
8,11
8,35
8,207
8,15
8,222
8,2
8,21
8,27
8,78
8,116
8,10
8,187
8,46
8,26
8,54
8,24
8,20
8,115
8,40
8,12
8,43
8,50
8,90
8,17
8,65
8,18
8,12
8,10
8,5
8,70
8,102
8,22
8,32
8,56
8,21
8,40
8,20
8,23
8,14
8,29
8,50
8,149
8,28
8,5
8,118
8,308
8,84
8,21
8,68
8,79
8,12
8,32
8,45
8,14
8,18
8,42
8,78
8,55
8,46
8,6
8,86
8,25
8,17
8,11
8,1
8,162
8,72
8,52
8,39
8,36
8,2
8,34
8,7
8,1
8,21
8,61
8,63
8,34
8,72
8,34
8,3
8,29
8,95
8,65
8,34
8,37
8,27
8,217
8,23
8,44
8,12
8,116
8,137
8,41
8,22
8,141
8,57
8,10
8,21
8,14
8,125
8,58
8,10
8,36
8,175
8,10
8,41
8,88
8,14
8,5
8,42
8,50
8,71
8,30
8,22
8,7
8,8
8,140
8,56
8,22
8,126
8,127
8,67
8,57
8,60
8,150
8,24
8,96
8,39
8,59
8,12
8,20
8,25
8,46
8,125
8,76
8,17
8,229
8,1
8,17
8,3
8,14
8,60
8,46
8,20
8,104
8,51
8,165
8,78
8,97
8,60
8,30
8,13
8,156
8,43
8,28
8,3
8,13
8,59
8,44
8,40
8,4
8,40
8,12
8,20
8,64
8,217
8,66
8,9
8,22
8,12
8,63
8,92
8,13
8,3
8,85
8,66
8,15
8,34
8,46
8,9
8,10
8,66
8,8
8,23
8,37
8,31
8,16
8,58
8,112
8,131
8,72
8,8
8,4
8,10
8,13
8,38
8,64
8,53
8,53
8,115
8,60
8,1
8,34
8,30
8,99
8,16
8,74
8,12
8,65
8,43
8,104
8,6
8,4
8,71
8,47
8,15
8,58
8,141
8,17
8,5
8,42
8,120
8,29
8,13
8,58
8,64
8,13
8,42
8,70
8,7
8,70
8,93
8,18
8,48
8,30
8,60
8,35
8,22
8,13
8,72
8,40
8,55
8,9
8,57
8,83
8,20
8,94
8,44
8,68
8,33
8,60
8,60
8,33
8,7
8,4
8,46
8,52
8,18
8,1
8,83
8,32
8,12
8,155
8,32
8,115
8,156
8,47
8,26
8,110
8,38
8,8
8,144
8,33
8,59
8,42
8,41
8,45
8,139
8,35
8,8
8,3
8,124
8,15
8,66
8,90
8,44
8,60
8,49
8,34
8,109
8,26
8,57
8,44
8,10
8,29
8,14
8,98
8,63
8,27
8,79
8,85
8,9
8,82
8,4
8,42
8,44
8,17
8,21
8,38
8,32
8,49
8,163
8,8
8,17
8,34
8,43
8,78
8,51
8,32
8,10
8,10
8,98
8,12
8,52
8,236
8,31
8,27
8,12
8,37
8,18
8,100
8,56
8,11
8,561
8,29
8,9
8,19
8,26
8,4
8,9
8,23
8,105
8,338
8,18
8,21
8,45
8,11
8,18
8,23
8,4
8,23
8,126
8,40
8,53
